id,personnel_no,eng_no,eng_phase,work_date,hours,time_entry_date,posting_date,charge_out_rate,std_price,adm_surcharge
1,00014523,2001920365,10,2024-12-05 14:16:07,1.0,2024-12-06 14:16:07,2024-12-06 14:16:07,210,210,12.6
2,00014523,2001920365,10,2024-12-06 14:16:07,2.5,2024-12-06 14:16:07,2024-12-06 14:16:07,210,525,12.6
3,00014524,2001920365,10,2025-01-30 14:16:07,7.5,2025-01-30 14:16:07,2025-01-30 14:16:07,196,1470,11.76
4,00014525,2001920365,10,2024-12-03 14:16:07,0.5,2025-01-27 14:16:07,2025-01-27 14:16:07,274,137,16.439999999999998
5,00014525,2001920365,10,2024-12-04 14:16:07,2.0,2025-01-27 14:16:07,2025-01-27 14:16:07,274,548,16.439999999999998
6,00014525,2001920365,10,2024-12-05 14:16:07,1.0,2025-01-27 14:16:07,2025-01-27 14:16:07,274,274,16.439999999999998
7,00014525,2001920365,10,2024-12-06 14:16:07,2.0,2025-01-27 14:16:07,2025-01-27 14:16:07,274,548,16.439999999999998
8,00014525,2001920365,10,2024-12-13 14:16:07,0.5,2024-12-19 14:16:07,2024-12-19 14:16:07,274,137,16.439999999999998
9,00014526,2001920365,10,2025-01-06 14:16:07,5.0,2025-01-27 14:16:07,2025-01-27 14:16:07,388,1940,23.28
10,00014526,2001920365,10,2025-01-07 14:16:07,5.0,2025-01-27 14:16:07,2025-01-27 14:16:07,388,1940,23.28
11,00014526,2001920365,10,2025-01-08 14:16:07,5.0,2025-01-27 14:16:07,2025-01-27 14:16:07,388,1940,23.28
12,00014526,2001920365,10,2025-01-09 14:16:07,5.0,2025-01-27 14:16:07,2025-01-27 14:16:07,388,1940,23.28
13,00014526,2001920365,10,2025-01-10 14:16:07,5.0,2025-01-27 14:16:07,2025-01-27 14:16:07,388,1940,23.28
14,00014526,2001920365,10,2025-01-13 14:16:07,5.0,2025-01-27 14:16:07,2025-01-27 14:16:07,388,1940,23.28
15,00014526,2001920365,10,2025-01-14 14:16:07,5.0,2025-01-27 14:16:07,2025-01-27 14:16:07,388,1940,23.28
16,00014526,2001920365,10,2025-01-15 14:16:07,5.0,2025-01-27 14:16:07,2025-01-27 14:16:07,388,1940,23.28
17,00014526,2001920365,10,2025-01-16 14:16:07,5.0,2025-01-27 14:16:07,2025-01-27 14:16:07,388,1940,23.28
18,00014526,2001920365,10,2025-01-17 14:16:07,5.0,2025-01-27 14:16:07,2025-01-27 14:16:07,388,1940,23.28
19,00014526,2001920365,10,2025-01-20 14:16:07,15.0,2025-01-27 14:16:07,2025-01-27 14:16:07,388,5820,23.28
20,00014526,2001920365,10,2025-01-21 14:16:07,15.0,2025-01-27 14:16:07,2025-01-27 14:16:07,388,5820,23.28
21,00014529,2001920365,10,2025-01-20 14:16:07,8.0,2025-01-27 14:16:07,2025-01-27 14:16:07,388,3104,23.28
22,00014529,2001920365,10,2025-01-21 14:16:07,7.5,2025-01-27 14:16:07,2025-01-27 14:16:07,388,2910,23.28
23,00014529,2001920365,10,2025-01-22 14:16:07,9.0,2025-01-27 14:16:07,2025-01-27 14:16:07,388,3492,23.28
24,00014529,2001920365,10,2025-01-23 14:16:07,7.0,2025-01-27 14:16:07,2025-01-27 14:16:07,388,2716,23.28
25,00014529,2001920365,10,2025-01-24 14:16:07,3.5,2025-01-27 14:16:07,2025-01-27 14:16:07,388,1358,23.28
26,00014525,2001920365,10,2025-01-21 14:16:07,2.0,2025-01-27 14:16:07,2025-01-27 14:16:07,256,512,15.36
27,00014525,2001920365,10,2025-01-22 14:16:07,1.0,2025-01-27 14:16:07,2025-01-27 14:16:07,256,256,15.36
28,00014525,2001920365,10,2025-01-24 14:16:07,1.0,2025-01-27 14:16:07,2025-01-27 14:16:07,256,256,15.36
29,00014524,2001920365,10,2025-01-13 14:16:07,7.5,2025-01-14 14:16:07,2025-01-14 14:16:07,196,1470,11.76
30,00014529,2001920365,10,2025-01-10 14:16:07,6.5,2025-01-13 14:16:07,2025-01-13 14:16:07,388,2522,23.28
31,00014529,2001920365,10,2025-01-09 14:16:07,5.0,2025-01-13 14:16:07,2025-01-13 14:16:07,388,1940,23.28
32,00014529,2001920365,10,2025-01-08 14:16:07,6.5,2025-01-13 14:16:07,2025-01-13 14:16:07,388,2522,23.28
33,00014529,2001920365,10,2025-01-07 14:16:07,7.5,2025-01-13 14:16:07,2025-01-13 14:16:07,388,2910,23.28
34,00014529,2001920365,10,2025-01-06 14:16:07,7.5,2025-01-13 14:16:07,2025-01-13 14:16:07,388,2910,23.28
35,00014523,2001920365,10,2025-01-10 14:16:07,4.0,2025-01-10 14:16:07,2025-01-10 14:16:07,210,840,12.6
36,00014523,2001920365,10,2025-01-09 14:16:07,2.0,2025-01-10 14:16:07,2025-01-10 14:16:07,210,420,12.6
37,00014524,2001920365,10,2025-01-10 14:16:07,7.5,2025-01-10 14:16:07,2025-01-10 14:16:07,196,1470,11.76
38,00014524,2001920365,10,2025-01-09 14:16:07,7.5,2025-01-10 14:16:07,2025-01-10 14:16:07,196,1470,11.76
39,00014524,2001920365,10,2025-01-08 14:16:07,7.5,2025-01-10 14:16:07,2025-01-10 14:16:07,196,1470,11.76
40,00014524,2001920365,10,2025-01-07 14:16:07,7.5,2025-01-10 14:16:07,2025-01-10 14:16:07,196,1470,11.76
41,00014524,2001920365,10,2025-01-06 14:16:07,7.5,2025-01-10 14:16:07,2025-01-10 14:16:07,196,1470,11.76
42,00014523,2001920365,10,2025-01-08 14:16:07,2.0,2025-01-08 14:16:07,2025-01-08 14:16:07,210,420,12.6
43,00014525,2001920365,10,2024-12-23 14:16:07,0.5,2025-01-07 14:16:07,2025-01-07 14:16:07,274,137,16.439999999999998
44,00014529,2001920365,10,2025-01-02 14:16:07,3.5,2025-01-07 14:16:07,2025-01-07 14:16:07,388,1358,23.28
45,00014529,2001920365,10,2024-12-31 14:16:07,3.5,2025-01-07 14:16:07,2025-01-07 14:16:07,388,1358,23.28
46,00014529,2001920365,10,2024-12-30 14:16:07,6.5,2025-01-07 14:16:07,2025-01-07 14:16:07,388,2522,23.28
47,00014529,2001920365,10,2024-12-27 14:16:07,2.5,2025-01-07 14:16:07,2025-01-07 14:16:07,388,970,23.28
48,00014529,2001920365,10,2024-12-23 14:16:07,1.5,2025-01-07 14:16:07,2025-01-07 14:16:07,388,582,23.28
49,00014524,2001920365,10,2025-01-03 14:16:07,7.5,2025-01-03 14:16:07,2025-01-03 14:16:07,196,1470,11.76
50,00014524,2001920365,10,2025-01-02 14:16:07,7.5,2025-01-03 14:16:07,2025-01-03 14:16:07,196,1470,11.76
51,00014529,2001920365,10,2025-01-13 14:16:07,7.5,2025-01-20 14:16:07,2025-01-20 14:16:07,388,2910,23.28
52,00014529,2001920365,10,2025-01-14 14:16:07,7.0,2025-01-20 14:16:07,2025-01-20 14:16:07,388,2716,23.28
53,00014529,2001920365,10,2025-01-15 14:16:07,10.0,2025-01-20 14:16:07,2025-01-20 14:16:07,388,3880,23.28
54,00014524,2001920365,10,2025-01-31 14:16:07,7.5,2025-01-31 14:16:07,2025-01-31 14:16:07,196,1470,11.76
55,00014529,2001920365,10,2025-01-27 14:16:07,9.5,2025-01-31 14:16:07,2025-01-31 14:16:07,388,3686,23.28
56,00014529,2001920365,10,2025-01-28 14:16:07,6.0,2025-01-31 14:16:07,2025-01-31 14:16:07,388,2328,23.28
57,00014529,2001920365,10,2025-01-29 14:16:07,8.5,2025-01-31 14:16:07,2025-01-31 14:16:07,388,3298,23.28
58,00014523,2001920365,10,2024-12-03 14:16:07,-4.0,2024-12-20 14:16:07,2024-12-20 14:16:07,210,-840,12.6
59,00014523,2001920365,10,2024-12-04 14:16:07,-1.0,2024-12-20 14:16:07,2024-12-20 14:16:07,210,-210,12.6
60,00014523,2001920365,10,2024-12-05 14:16:07,-1.0,2024-12-20 14:16:07,2024-12-20 14:16:07,210,-210,12.6
61,00014523,2001920365,10,2024-12-06 14:16:07,-2.5,2024-12-20 14:16:07,2024-12-20 14:16:07,210,-525,12.6
62,00014526,2001920365,10,2024-12-02 14:16:07,8.0,2024-12-19 14:16:07,2024-12-19 14:16:07,388,3104,23.28
63,00014526,2001920365,10,2024-12-03 14:16:07,8.0,2024-12-19 14:16:07,2024-12-19 14:16:07,388,3104,23.28
64,00014526,2001920365,10,2024-12-04 14:16:07,8.0,2024-12-19 14:16:07,2024-12-19 14:16:07,388,3104,23.28
65,00014526,2001920365,10,2024-12-05 14:16:07,8.0,2024-12-19 14:16:07,2024-12-19 14:16:07,388,3104,23.28
66,00014526,2001920365,10,2024-12-06 14:16:07,7.5,2024-12-19 14:16:07,2024-12-19 14:16:07,388,2910,23.28
67,00014524,2001920365,10,2024-12-24 14:16:07,7.5,2024-12-24 14:16:07,2024-12-24 14:16:07,196,1470,11.76
68,00014524,2001920365,10,2024-12-23 14:16:07,7.5,2024-12-23 14:16:07,2024-12-23 14:16:07,196,1470,11.76
69,00014524,2001920365,10,2024-12-12 14:16:07,7.5,2024-12-13 14:16:07,2024-12-13 14:16:07,196,1470,11.76
70,00014524,2001920365,10,2024-12-11 14:16:07,7.5,2024-12-13 14:16:07,2024-12-13 14:16:07,196,1470,11.76
71,00014524,2001920365,10,2024-12-10 14:16:07,7.5,2024-12-13 14:16:07,2024-12-13 14:16:07,196,1470,11.76
72,00014524,2001920365,10,2024-12-09 14:16:07,7.5,2024-12-13 14:16:07,2024-12-13 14:16:07,196,1470,11.76
73,00014524,2001920365,10,2024-12-05 14:16:07,7.5,2024-12-06 14:16:07,2024-12-06 14:16:07,196,1470,11.76
74,00014524,2001920365,10,2024-12-04 14:16:07,7.5,2024-12-06 14:16:07,2024-12-06 14:16:07,196,1470,11.76
75,00014524,2001920365,10,2024-12-03 14:16:07,7.5,2024-12-06 14:16:07,2024-12-06 14:16:07,196,1470,11.76
76,00014524,2001920365,10,2024-12-02 14:16:07,7.5,2024-12-06 14:16:07,2024-12-06 14:16:07,196,1470,11.76
77,00014525,2001920365,10,2024-12-20 14:16:07,1.0,2024-12-20 14:16:07,2024-12-20 14:16:07,274,274,16.439999999999998
78,00014525,2001920365,10,2024-12-18 14:16:07,2.0,2024-12-20 14:16:07,2024-12-20 14:16:07,274,548,16.439999999999998
79,00014525,2001920365,10,2024-12-17 14:16:07,1.5,2024-12-20 14:16:07,2024-12-20 14:16:07,274,411,16.439999999999998
80,00014529,2001920365,10,2024-12-20 14:16:07,6.0,2024-12-20 14:16:07,2024-12-20 14:16:07,388,2328,23.28
81,00014529,2001920365,10,2024-12-19 14:16:07,4.0,2024-12-20 14:16:07,2024-12-20 14:16:07,388,1552,23.28
82,00014529,2001920365,10,2024-12-18 14:16:07,7.5,2024-12-20 14:16:07,2024-12-20 14:16:07,388,2910,23.28
83,00014529,2001920365,10,2024-12-17 14:16:07,5.5,2024-12-20 14:16:07,2024-12-20 14:16:07,388,2134,23.28
84,00014529,2001920365,10,2024-12-16 14:16:07,6.5,2024-12-20 14:16:07,2024-12-20 14:16:07,388,2522,23.28
85,00014529,2001920365,10,2024-12-15 14:16:07,1.0,2024-12-20 14:16:07,2024-12-20 14:16:07,388,388,23.28
86,00014525,2001920365,10,2024-12-12 14:16:07,1.0,2024-12-19 14:16:07,2024-12-19 14:16:07,274,274,16.439999999999998
87,00014525,2001920365,10,2024-12-11 14:16:07,1.0,2024-12-19 14:16:07,2024-12-19 14:16:07,274,274,16.439999999999998
88,00014525,2001920365,10,2024-12-10 14:16:07,0.5,2024-12-19 14:16:07,2024-12-19 14:16:07,274,137,16.439999999999998
89,00014525,2001920365,10,2024-12-09 14:16:07,0.5,2024-12-19 14:16:07,2024-12-19 14:16:07,274,137,16.439999999999998
90,00014525,2001920365,10,2024-12-06 14:16:07,2.0,2024-12-19 14:16:07,2024-12-19 14:16:07,274,548,16.439999999999998
91,00014525,2001920365,10,2024-12-05 14:16:07,1.0,2024-12-19 14:16:07,2024-12-19 14:16:07,274,274,16.439999999999998
92,00014525,2001920365,10,2024-12-04 14:16:07,2.0,2024-12-19 14:16:07,2024-12-19 14:16:07,274,548,16.439999999999998
93,00014525,2001920365,10,2024-12-03 14:16:07,0.5,2024-12-19 14:16:07,2024-12-19 14:16:07,274,137,16.439999999999998
94,00014525,2001920365,10,2024-12-02 14:16:07,0.5,2024-12-19 14:16:07,2024-12-19 14:16:07,274,137,16.439999999999998
95,00014526,2001920365,10,2024-12-13 14:16:07,5.0,2024-12-19 14:16:07,2024-12-19 14:16:07,388,1940,23.28
96,00014526,2001920365,10,2024-12-12 14:16:07,8.0,2024-12-19 14:16:07,2024-12-19 14:16:07,388,3104,23.28
97,00014526,2001920365,10,2024-12-11 14:16:07,8.0,2024-12-19 14:16:07,2024-12-19 14:16:07,388,3104,23.28
98,00014526,2001920365,10,2024-12-10 14:16:07,8.0,2024-12-19 14:16:07,2024-12-19 14:16:07,388,3104,23.28
99,00014526,2001920365,10,2024-12-09 14:16:07,8.0,2024-12-19 14:16:07,2024-12-19 14:16:07,388,3104,23.28
100,00014523,2001920365,10,2024-12-11 14:16:07,0.5,2024-12-13 14:16:07,2024-12-13 14:16:07,210,105,12.6
101,00014524,2001920365,10,2025-01-28 14:16:07,7.5,2025-01-28 14:16:07,2025-01-28 14:16:07,196,1470,11.76
102,00014524,2001920365,10,2025-01-29 14:16:07,7.5,2025-01-29 14:16:07,2025-01-29 14:16:07,196,1470,11.76
103,00014523,2001920365,10,2024-12-06 14:16:07,3.5,2024-12-20 14:16:07,2024-12-20 14:16:07,210,735,12.6
104,00014523,2001920365,10,2024-12-05 14:16:07,4.0,2024-12-20 14:16:07,2024-12-20 14:16:07,210,840,12.6
105,00014523,2001920365,10,2024-12-04 14:16:07,3.0,2024-12-20 14:16:07,2024-12-20 14:16:07,210,630,12.6
106,00014523,2001920365,10,2024-12-19 14:16:07,1.0,2024-12-20 14:16:07,2024-12-20 14:16:07,210,210,12.6
107,00014523,2001920365,10,2024-12-17 14:16:07,1.0,2024-12-20 14:16:07,2024-12-20 14:16:07,210,210,12.6
108,00014523,2001920365,10,2024-12-20 14:16:07,1.0,2024-12-20 14:16:07,2024-12-20 14:16:07,210,210,12.6
109,00014523,2001920365,10,2024-12-03 14:16:07,8.0,2024-12-20 14:16:07,2024-12-20 14:16:07,210,1680,12.6
110,00014523,2001920365,10,2024-12-02 14:16:07,8.0,2024-12-20 14:16:07,2024-12-20 14:16:07,210,1680,12.6
111,00014523,2001920365,10,2024-12-02 14:16:07,4.0,2024-12-06 14:16:07,2024-12-06 14:16:07,210,840,12.6
112,00014523,2001920365,10,2024-12-03 14:16:07,4.0,2024-12-06 14:16:07,2024-12-06 14:16:07,210,840,12.6
113,00014523,2001920365,10,2024-12-04 14:16:07,1.0,2024-12-06 14:16:07,2024-12-06 14:16:07,210,210,12.6
114,00014524,2001920365,10,2025-01-14 14:16:07,7.5,2025-01-14 14:16:07,2025-01-14 14:16:07,196,1470,11.76
115,00014525,2001920365,10,2025-02-14 14:16:07,1.0,2025-02-18 14:16:07,2025-02-18 14:16:07,256,256,15.36
116,00014524,2001920365,10,2025-02-19 14:16:07,7.5,2025-02-19 14:16:07,2025-02-19 14:16:07,196,1470,11.76
117,00014524,2001920365,10,2025-02-20 14:16:07,7.5,2025-02-20 14:16:07,2025-02-20 14:16:07,196,1470,11.76
118,00014524,2001920365,10,2025-02-21 14:16:07,7.5,2025-02-21 14:16:07,2025-02-21 14:16:07,196,1470,11.76
119,00014523,2001920365,10,2025-02-21 14:16:07,4.5,2025-02-21 14:16:07,2025-02-21 14:16:07,210,945,12.6
120,00014523,2001920365,10,2025-02-17 14:16:07,2.0,2025-02-21 14:16:07,2025-02-21 14:16:07,210,420,12.6
121,00014523,2001920365,10,2025-02-18 14:16:07,2.5,2025-02-21 14:16:07,2025-02-21 14:16:07,210,525,12.6
122,00014523,2001920365,10,2025-02-19 14:16:07,2.0,2025-02-21 14:16:07,2025-02-21 14:16:07,210,420,12.6
123,00014529,2001920365,10,2024-12-27 14:16:07,-2.5,2025-02-17 14:16:07,2025-02-17 14:16:07,388,-970,23.28
124,00014525,2001920365,10,2025-02-06 14:16:07,1.0,2025-02-10 14:16:07,2025-02-10 14:16:07,256,256,15.36
125,00014524,2001920365,10,2025-02-10 14:16:07,7.5,2025-02-11 14:16:07,2025-02-11 14:16:07,196,1470,11.76
126,00014524,2001920365,10,2025-02-11 14:16:07,7.5,2025-02-11 14:16:07,2025-02-11 14:16:07,196,1470,11.76
127,00014524,2001920365,10,2025-02-12 14:16:07,7.5,2025-02-12 14:16:07,2025-02-12 14:16:07,196,1470,11.76
128,00014524,2001920365,10,2025-02-13 14:16:07,7.5,2025-02-13 14:16:07,2025-02-13 14:16:07,196,1470,11.76
129,00014523,2001920365,10,2025-02-10 14:16:07,1.0,2025-02-13 14:16:07,2025-02-13 14:16:07,210,210,12.6
130,00014525,2001920365,10,2025-02-21 14:16:07,0.5,2025-02-24 14:16:07,2025-02-24 14:16:07,256,128,15.36
131,00014525,2001920365,10,2025-02-18 14:16:07,0.5,2025-02-24 14:16:07,2025-02-24 14:16:07,256,128,15.36
132,00014526,2001920365,10,2025-02-13 14:16:07,4.0,2025-02-24 14:16:07,2025-02-24 14:16:07,388,1552,23.28
133,00014526,2001920365,10,2025-02-12 14:16:07,4.0,2025-02-24 14:16:07,2025-02-24 14:16:07,388,1552,23.28
134,00014526,2001920365,10,2025-02-11 14:16:07,4.0,2025-02-24 14:16:07,2025-02-24 14:16:07,388,1552,23.28
135,00014526,2001920365,10,2025-02-10 14:16:07,4.0,2025-02-24 14:16:07,2025-02-24 14:16:07,388,1552,23.28
136,00014523,2001920365,10,2025-02-20 14:16:07,2.5,2025-02-21 14:16:07,2025-02-21 14:16:07,210,525,12.6
137,00014524,2001920365,10,2025-03-03 14:16:07,7.5,2025-03-03 14:16:07,2025-03-03 14:16:07,196,1470,11.76
138,00014526,2001920365,10,2025-02-18 14:16:07,3.0,2025-03-03 14:16:07,2025-03-03 14:16:07,388,1164,23.28
139,00014526,2001920365,10,2025-02-19 14:16:07,3.0,2025-03-03 14:16:07,2025-03-03 14:16:07,388,1164,23.28
140,00014526,2001920365,10,2025-02-20 14:16:07,3.0,2025-03-03 14:16:07,2025-03-03 14:16:07,388,1164,23.28
141,00014526,2001920365,10,2025-02-21 14:16:07,3.0,2025-03-03 14:16:07,2025-03-03 14:16:07,388,1164,23.28
142,00014526,2001920365,10,2025-02-24 14:16:07,2.0,2025-03-03 14:16:07,2025-03-03 14:16:07,388,776,23.28
143,00014526,2001920365,10,2025-02-25 14:16:07,2.0,2025-03-03 14:16:07,2025-03-03 14:16:07,388,776,23.28
144,00014526,2001920365,10,2025-02-26 14:16:07,2.0,2025-03-03 14:16:07,2025-03-03 14:16:07,388,776,23.28
145,00014526,2001920365,10,2025-02-27 14:16:07,2.0,2025-03-03 14:16:07,2025-03-03 14:16:07,388,776,23.28
146,00014526,2001920365,10,2025-02-28 14:16:07,2.0,2025-03-03 14:16:07,2025-03-03 14:16:07,388,776,23.28
147,00014525,2001920365,10,2025-02-24 14:16:07,1.0,2025-03-03 14:16:07,2025-03-03 14:16:07,256,256,15.36
148,00014525,2001920365,10,2025-02-27 14:16:07,1.5,2025-03-03 14:16:07,2025-03-03 14:16:07,256,384,15.36
149,00014524,2001920365,10,2025-03-04 14:16:07,7.5,2025-03-04 14:16:07,2025-03-04 14:16:07,196,1470,11.76
150,00014524,2001920365,10,2025-03-05 14:16:07,7.5,2025-03-05 14:16:07,2025-03-05 14:16:07,196,1470,11.76
151,00014524,2001920365,10,2025-03-06 14:16:07,7.5,2025-03-06 14:16:07,2025-03-06 14:16:07,196,1470,11.76
152,00014525,2001920365,10,2025-03-04 14:16:07,1.0,2025-03-10 14:16:07,2025-03-10 14:16:07,256,256,15.36
153,00014525,2001920365,10,2025-01-28 14:16:07,1.0,2025-02-03 14:16:07,2025-02-03 14:16:07,256,256,15.36
154,00014524,2001920365,10,2025-02-07 14:16:07,7.5,2025-02-07 14:16:07,2025-02-07 14:16:07,196,1470,11.76
155,00014526,2001920365,10,2025-01-31 14:16:07,4.0,2025-02-06 14:16:07,2025-02-06 14:16:07,388,1552,23.28
156,00014526,2001920365,10,2025-01-30 14:16:07,6.0,2025-02-06 14:16:07,2025-02-06 14:16:07,388,2328,23.28
157,00014526,2001920365,10,2025-01-29 14:16:07,4.0,2025-02-06 14:16:07,2025-02-06 14:16:07,388,1552,23.28
158,00014526,2001920365,10,2025-01-28 14:16:07,4.0,2025-02-06 14:16:07,2025-02-06 14:16:07,388,1552,23.28
159,00014526,2001920365,10,2025-01-27 14:16:07,5.0,2025-02-06 14:16:07,2025-02-06 14:16:07,388,1940,23.28
160,00014524,2001920365,10,2025-02-06 14:16:07,7.5,2025-02-06 14:16:07,2025-02-06 14:16:07,196,1470,11.76
161,00014524,2001920365,10,2025-02-05 14:16:07,7.5,2025-02-06 14:16:07,2025-02-06 14:16:07,196,1470,11.76
162,00014524,2001920365,10,2025-02-04 14:16:07,7.5,2025-02-06 14:16:07,2025-02-06 14:16:07,196,1470,11.76
163,00014524,2001920365,10,2025-02-03 14:16:07,7.5,2025-02-06 14:16:07,2025-02-06 14:16:07,196,1470,11.76
164,00014525,2001920365,10,2025-01-31 14:16:07,0.5,2025-02-03 14:16:07,2025-02-03 14:16:07,256,128,15.36
165,00014525,2001920365,10,2025-01-29 14:16:07,0.5,2025-02-03 14:16:07,2025-02-03 14:16:07,256,128,15.36
166,00014529,2001920365,10,2024-12-30 14:16:07,-6.5,2025-02-17 14:16:07,2025-02-17 14:16:07,388,-2522,23.28
167,00014529,2001920365,10,2024-12-31 14:16:07,-3.5,2025-02-17 14:16:07,2025-02-17 14:16:07,388,-1358,23.28
168,00014529,2001920365,10,2025-01-02 14:16:07,-3.5,2025-02-17 14:16:07,2025-02-17 14:16:07,388,-1358,23.28
169,00014529,2001920365,10,2025-01-06 14:16:07,-7.5,2025-02-17 14:16:07,2025-02-17 14:16:07,388,-2910,23.28
170,00014529,2001920365,10,2025-01-07 14:16:07,-7.5,2025-02-17 14:16:07,2025-02-17 14:16:07,388,-2910,23.28
171,00014529,2001920365,10,2025-01-08 14:16:07,-6.5,2025-02-17 14:16:07,2025-02-17 14:16:07,388,-2522,23.28
172,00014529,2001920365,10,2025-01-09 14:16:07,-5.0,2025-02-17 14:16:07,2025-02-17 14:16:07,388,-1940,23.28
173,00014529,2001920365,10,2025-01-10 14:16:07,-6.5,2025-02-17 14:16:07,2025-02-17 14:16:07,388,-2522,23.28
174,00014529,2001920365,10,2025-01-13 14:16:07,-7.5,2025-02-17 14:16:07,2025-02-17 14:16:07,388,-2910,23.28
175,00014529,2001920365,10,2025-01-14 14:16:07,-7.0,2025-02-17 14:16:07,2025-02-17 14:16:07,388,-2716,23.28
176,00014529,2001920365,10,2025-01-15 14:16:07,-10.0,2025-02-17 14:16:07,2025-02-17 14:16:07,388,-3880,23.28
177,00014529,2001920365,10,2025-01-16 14:16:07,-8.0,2025-02-17 14:16:07,2025-02-17 14:16:07,388,-3104,23.28
178,00014529,2001920365,10,2025-01-17 14:16:07,-5.5,2025-02-17 14:16:07,2025-02-17 14:16:07,388,-2134,23.28
179,00014529,2001920365,10,2025-01-20 14:16:07,-8.0,2025-02-17 14:16:07,2025-02-17 14:16:07,388,-3104,23.28
180,00014529,2001920365,10,2025-01-21 14:16:07,-7.5,2025-02-17 14:16:07,2025-02-17 14:16:07,388,-2910,23.28
181,00014529,2001920365,10,2025-01-22 14:16:07,-9.0,2025-02-17 14:16:07,2025-02-17 14:16:07,388,-3492,23.28
182,00014529,2001920365,10,2025-01-23 14:16:07,-7.0,2025-02-17 14:16:07,2025-02-17 14:16:07,388,-2716,23.28
183,00014529,2001920365,10,2025-01-24 14:16:07,-3.5,2025-02-17 14:16:07,2025-02-17 14:16:07,388,-1358,23.28
184,00014529,2001920365,10,2025-01-27 14:16:07,-9.5,2025-02-17 14:16:07,2025-02-17 14:16:07,388,-3686,23.28
185,00014529,2001920365,10,2025-01-28 14:16:07,-6.0,2025-02-17 14:16:07,2025-02-17 14:16:07,388,-2328,23.28
186,00014529,2001920365,10,2025-01-29 14:16:07,-8.5,2025-02-17 14:16:07,2025-02-17 14:16:07,388,-3298,23.28
187,00014524,2001920365,10,2025-02-17 14:16:07,7.5,2025-02-18 14:16:07,2025-02-18 14:16:07,196,1470,11.76
188,00014524,2001920365,10,2025-02-18 14:16:07,7.5,2025-02-18 14:16:07,2025-02-18 14:16:07,196,1470,11.76
189,00014525,2001920365,10,2025-02-12 14:16:07,1.0,2025-02-18 14:16:07,2025-02-18 14:16:07,256,256,15.36
190,00014525,2001920365,10,2025-02-13 14:16:07,1.0,2025-02-18 14:16:07,2025-02-18 14:16:07,256,256,15.36
191,00014524,2001920365,10,2025-03-10 14:16:07,7.5,2025-03-11 14:16:07,2025-03-11 14:16:07,196,1470,11.76
192,00014524,2001920365,10,2025-02-25 14:16:07,7.5,2025-02-26 14:16:07,2025-02-26 14:16:07,196,1470,11.76
193,00014529,2001920365,10,2025-01-17 14:16:07,5.5,2025-01-20 14:16:07,2025-01-20 14:16:07,388,2134,23.28
194,00014529,2001920365,10,2024-12-23 14:16:07,-1.5,2025-02-17 14:16:07,2025-02-17 14:16:07,388,-582,23.28
195,00014529,2001920365,10,2024-12-02 14:16:07,6.0,2024-12-19 14:16:07,2024-12-19 14:16:07,388,2328,23.28
196,00014529,2001920365,10,2024-12-03 14:16:07,7.5,2024-12-19 14:16:07,2024-12-19 14:16:07,388,2910,23.28
197,00014529,2001920365,10,2024-12-04 14:16:07,7.0,2024-12-19 14:16:07,2024-12-19 14:16:07,388,2716,23.28
198,00014529,2001920365,10,2024-12-05 14:16:07,2.5,2024-12-19 14:16:07,2024-12-19 14:16:07,388,970,23.28
199,00014529,2001920365,10,2024-12-06 14:16:07,5.5,2024-12-19 14:16:07,2024-12-19 14:16:07,388,2134,23.28
200,00014529,2001920365,10,2024-12-09 14:16:07,7.5,2024-12-19 14:16:07,2024-12-19 14:16:07,388,2910,23.28
201,00014529,2001920365,10,2024-12-10 14:16:07,8.5,2024-12-19 14:16:07,2024-12-19 14:16:07,388,3298,23.28
202,00014529,2001920365,10,2024-12-11 14:16:07,10.5,2024-12-19 14:16:07,2024-12-19 14:16:07,388,4074,23.28
203,00014529,2001920365,10,2024-12-12 14:16:07,8.0,2024-12-19 14:16:07,2024-12-19 14:16:07,388,3104,23.28
204,00014529,2001920365,10,2024-12-13 14:16:07,6.0,2024-12-19 14:16:07,2024-12-19 14:16:07,388,2328,23.28
205,00014523,2001920365,10,2024-12-02 14:16:07,-4.0,2024-12-20 14:16:07,2024-12-20 14:16:07,210,-840,12.6
206,00014525,2001920365,10,2025-01-08 14:16:07,1.0,2025-01-20 14:16:07,2025-01-20 14:16:07,256,256,15.36
207,00014525,2001920365,10,2025-01-14 14:16:07,2.0,2025-01-20 14:16:07,2025-01-20 14:16:07,256,512,15.36
208,00014525,2001920365,10,2025-01-15 14:16:07,1.5,2025-01-20 14:16:07,2025-01-20 14:16:07,256,384,15.36
209,00014525,2001920365,10,2025-01-17 14:16:07,2.0,2025-01-20 14:16:07,2025-01-20 14:16:07,256,512,15.36
210,00014525,2001920365,10,2024-12-02 14:16:07,-0.5,2025-01-22 14:16:07,2025-01-22 14:16:07,274,-137,16.439999999999998
211,00014525,2001920365,10,2024-12-03 14:16:07,-0.5,2025-01-22 14:16:07,2025-01-22 14:16:07,274,-137,16.439999999999998
212,00014525,2001920365,10,2024-12-04 14:16:07,-2.0,2025-01-22 14:16:07,2025-01-22 14:16:07,274,-548,16.439999999999998
213,00014525,2001920365,10,2024-12-05 14:16:07,-1.0,2025-01-22 14:16:07,2025-01-22 14:16:07,274,-274,16.439999999999998
214,00014525,2001920365,10,2024-12-06 14:16:07,-2.0,2025-01-22 14:16:07,2025-01-22 14:16:07,274,-548,16.439999999999998
215,00014524,2001920365,10,2025-01-20 14:16:07,7.5,2025-01-23 14:16:07,2025-01-23 14:16:07,196,1470,11.76
216,00014524,2001920365,10,2025-01-21 14:16:07,7.5,2025-01-23 14:16:07,2025-01-23 14:16:07,196,1470,11.76
217,00014524,2001920365,10,2025-01-22 14:16:07,7.5,2025-01-23 14:16:07,2025-01-23 14:16:07,196,1470,11.76
218,00014524,2001920365,10,2025-01-23 14:16:07,7.5,2025-01-23 14:16:07,2025-01-23 14:16:07,196,1470,11.76
219,00014524,2001920365,10,2025-01-24 14:16:07,7.5,2025-01-24 14:16:07,2025-01-24 14:16:07,196,1470,11.76
220,00014523,2001920365,10,2025-01-20 14:16:07,1.5,2025-01-24 14:16:07,2025-01-24 14:16:07,210,315,12.6
221,00014524,2001920365,10,2025-01-27 14:16:07,7.5,2025-01-27 14:16:07,2025-01-27 14:16:07,196,1470,11.76
222,00014525,2001920365,10,2024-12-02 14:16:07,0.5,2025-01-27 14:16:07,2025-01-27 14:16:07,274,137,16.439999999999998
223,00014529,2001920365,10,2025-01-16 14:16:07,8.0,2025-01-20 14:16:07,2025-01-20 14:16:07,388,3104,23.28
224,00014523,2001920365,10,2025-01-13 14:16:07,3.5,2025-01-17 14:16:07,2025-01-17 14:16:07,210,735,12.6
225,00014523,2001920365,10,2025-01-14 14:16:07,1.5,2025-01-17 14:16:07,2025-01-17 14:16:07,210,315,12.6
226,00014524,2001920365,10,2025-01-17 14:16:07,7.5,2025-01-17 14:16:07,2025-01-17 14:16:07,196,1470,11.76
227,00014524,2001920365,10,2025-01-16 14:16:07,7.5,2025-01-16 14:16:07,2025-01-16 14:16:07,196,1470,11.76
228,00014524,2001920365,10,2025-01-15 14:16:07,7.5,2025-01-15 14:16:07,2025-01-15 14:16:07,196,1470,11.76
229,00014524,2001920365,10,2025-02-26 14:16:07,7.5,2025-02-26 14:16:07,2025-02-26 14:16:07,196,1470,11.76
230,00014524,2001920365,10,2025-03-11 14:16:07,7.5,2025-03-11 14:16:07,2025-03-11 14:16:07,196,1470,11.76
231,00014524,2001920365,10,2025-03-12 14:16:07,7.5,2025-03-12 14:16:07,2025-03-12 14:16:07,196,1470,11.76
232,00014524,2001920365,10,2025-03-13 14:16:07,7.5,2025-03-13 14:16:07,2025-03-13 14:16:07,196,1470,11.76
233,00014524,2001920365,10,2025-03-14 14:16:07,7.5,2025-03-14 14:16:07,2025-03-14 14:16:07,196,1470,11.76
234,00014524,2001920365,10,2025-03-07 14:16:07,7.5,2025-03-14 14:16:07,2025-03-14 14:16:07,196,1470,11.76
235,00014523,2001920365,10,2025-02-11 14:16:07,1.0,2025-02-13 14:16:07,2025-02-13 14:16:07,210,210,12.6
236,00014526,2001920365,10,2025-02-03 14:16:07,6.0,2025-02-13 14:16:07,2025-02-13 14:16:07,388,2328,23.28
237,00014524,2001920365,10,2025-02-24 14:16:07,7.5,2025-02-26 14:16:07,2025-02-26 14:16:07,196,1470,11.76
238,00014526,2001920365,10,2025-02-04 14:16:07,6.0,2025-02-13 14:16:07,2025-02-13 14:16:07,388,2328,23.28
239,00014526,2001920365,10,2025-02-05 14:16:07,6.0,2025-02-13 14:16:07,2025-02-13 14:16:07,388,2328,23.28
240,00014526,2001920365,10,2025-02-06 14:16:07,6.0,2025-02-13 14:16:07,2025-02-13 14:16:07,388,2328,23.28
241,00014526,2001920365,10,2025-02-07 14:16:07,6.0,2025-02-13 14:16:07,2025-02-13 14:16:07,388,2328,23.28
242,00014523,2001920365,10,2025-02-14 14:16:07,0.5,2025-02-14 14:16:07,2025-02-14 14:16:07,210,105,12.6
243,00014524,2001920365,10,2025-02-14 14:16:07,7.5,2025-02-14 14:16:07,2025-02-14 14:16:07,196,1470,11.76
244,00014524,2001920365,10,2025-02-27 14:16:07,7.5,2025-02-27 14:16:07,2025-02-27 14:16:07,196,1470,11.76
245,00014524,2001920365,10,2025-02-28 14:16:07,7.5,2025-02-28 14:16:07,2025-02-28 14:16:07,196,1470,11.76
246,00014529,2001920365,10,2024-12-20 14:16:07,-6.0,2025-02-17 14:16:07,2025-02-17 14:16:07,388,-2328,23.28
247,00014529,2001920365,10,2024-12-19 14:16:07,-4.0,2025-02-17 14:16:07,2025-02-17 14:16:07,388,-1552,23.28
248,00014529,2001920365,10,2024-12-18 14:16:07,-7.5,2025-02-17 14:16:07,2025-02-17 14:16:07,388,-2910,23.28
249,00014529,2001920365,10,2024-12-17 14:16:07,-5.5,2025-02-17 14:16:07,2025-02-17 14:16:07,388,-2134,23.28
250,00014529,2001920365,10,2024-12-16 14:16:07,-6.5,2025-02-17 14:16:07,2025-02-17 14:16:07,388,-2522,23.28
251,00014529,2001920365,10,2024-12-15 14:16:07,-1.0,2025-02-17 14:16:07,2025-02-17 14:16:07,388,-388,23.28
252,00014529,2001920365,10,2024-12-13 14:16:07,-6.0,2025-02-17 14:16:07,2025-02-17 14:16:07,388,-2328,23.28
253,00014529,2001920365,10,2024-12-12 14:16:07,-8.0,2025-02-17 14:16:07,2025-02-17 14:16:07,388,-3104,23.28
254,00014529,2001920365,10,2024-12-11 14:16:07,-10.5,2025-02-17 14:16:07,2025-02-17 14:16:07,388,-4074,23.28
255,00014529,2001920365,10,2024-12-10 14:16:07,-8.5,2025-02-17 14:16:07,2025-02-17 14:16:07,388,-3298,23.28
256,00014529,2001920365,10,2024-12-09 14:16:07,-7.5,2025-02-17 14:16:07,2025-02-17 14:16:07,388,-2910,23.28
257,00014529,2001920365,10,2024-12-06 14:16:07,-5.5,2025-02-17 14:16:07,2025-02-17 14:16:07,388,-2134,23.28
258,00014529,2001920365,10,2024-12-05 14:16:07,-2.5,2025-02-17 14:16:07,2025-02-17 14:16:07,388,-970,23.28
259,00014529,2001920365,10,2024-12-04 14:16:07,-7.0,2025-02-17 14:16:07,2025-02-17 14:16:07,388,-2716,23.28
260,00014529,2001920365,10,2024-12-03 14:16:07,-7.5,2025-02-17 14:16:07,2025-02-17 14:16:07,388,-2910,23.28
261,00014529,2001920365,10,2024-12-02 14:16:07,-6.0,2025-02-17 14:16:07,2025-02-17 14:16:07,388,-2328,23.28
262,00014528,2001920365,20,2025-02-28 14:16:07,7.0,2025-03-03 14:16:07,2025-03-03 14:16:07,318,2226,19.08
263,00014528,2001920365,20,2025-01-24 14:16:07,7.0,2025-01-27 14:16:07,2025-01-27 14:16:07,318,2226,19.08
264,00014528,2001920365,20,2025-01-23 14:16:07,8.0,2025-01-27 14:16:07,2025-01-27 14:16:07,318,2544,19.08
265,00014528,2001920365,20,2025-01-22 14:16:07,8.5,2025-01-27 14:16:07,2025-01-27 14:16:07,318,2703,19.08
266,00014528,2001920365,20,2025-01-21 14:16:07,8.0,2025-01-27 14:16:07,2025-01-27 14:16:07,318,2544,19.08
267,00014528,2001920365,20,2025-01-20 14:16:07,8.5,2025-01-27 14:16:07,2025-01-27 14:16:07,318,2703,19.08
268,00014528,2001920365,20,2025-01-17 14:16:07,8.0,2025-01-20 14:16:07,2025-01-20 14:16:07,318,2544,19.08
269,00014528,2001920365,20,2025-02-27 14:16:07,8.0,2025-03-03 14:16:07,2025-03-03 14:16:07,318,2544,19.08
270,00014528,2001920365,20,2025-02-26 14:16:07,8.0,2025-03-03 14:16:07,2025-03-03 14:16:07,318,2544,19.08
271,00014528,2001920365,20,2025-02-24 14:16:07,8.5,2025-03-03 14:16:07,2025-03-03 14:16:07,318,2703,19.08
272,00014528,2001920365,20,2025-02-25 14:16:07,8.5,2025-03-03 14:16:07,2025-03-03 14:16:07,318,2703,19.08
273,00014528,2001920365,20,2025-02-13 14:16:07,8.0,2025-02-18 14:16:07,2025-02-18 14:16:07,318,2544,19.08
274,00014528,2001920365,20,2025-02-14 14:16:07,8.0,2025-02-18 14:16:07,2025-02-18 14:16:07,318,2544,19.08
275,00014528,2001920365,20,2025-02-17 14:16:07,9.0,2025-02-25 14:16:07,2025-02-25 14:16:07,318,2862,19.08
276,00014528,2001920365,20,2025-02-18 14:16:07,8.5,2025-02-25 14:16:07,2025-02-25 14:16:07,318,2703,19.08
277,00014528,2001920365,20,2025-02-19 14:16:07,8.5,2025-02-25 14:16:07,2025-02-25 14:16:07,318,2703,19.08
278,00014528,2001920365,20,2025-02-20 14:16:07,8.5,2025-02-25 14:16:07,2025-02-25 14:16:07,318,2703,19.08
279,00014528,2001920365,20,2025-02-21 14:16:07,5.0,2025-02-25 14:16:07,2025-02-25 14:16:07,318,1590,19.08
280,00014528,2001920365,20,2024-12-04 14:16:07,8.0,2024-12-19 14:16:07,2024-12-19 14:16:07,388,3104,23.28
281,00014528,2001920365,20,2024-12-05 14:16:07,8.0,2024-12-19 14:16:07,2024-12-19 14:16:07,388,3104,23.28
282,00014528,2001920365,20,2024-12-06 14:16:07,6.0,2024-12-19 14:16:07,2024-12-19 14:16:07,388,2328,23.28
283,00014528,2001920365,20,2024-12-11 14:16:07,8.5,2024-12-19 14:16:07,2024-12-19 14:16:07,388,3298,23.28
284,00014528,2001920365,20,2024-12-12 14:16:07,8.5,2024-12-19 14:16:07,2024-12-19 14:16:07,388,3298,23.28
285,00014528,2001920365,20,2024-12-13 14:16:07,6.5,2024-12-19 14:16:07,2024-12-19 14:16:07,388,2522,23.28
286,00014528,2001920365,20,2024-12-02 14:16:07,9.0,2024-12-19 14:16:07,2024-12-19 14:16:07,388,3492,23.28
287,00014528,2001920365,20,2024-12-03 14:16:07,9.0,2024-12-19 14:16:07,2024-12-19 14:16:07,388,3492,23.28
288,00014528,2001920365,20,2024-12-09 14:16:07,8.5,2024-12-19 14:16:07,2024-12-19 14:16:07,388,3298,23.28
289,00014528,2001920365,20,2024-12-10 14:16:07,8.0,2024-12-19 14:16:07,2024-12-19 14:16:07,388,3104,23.28
290,00014528,2001920365,20,2024-12-16 14:16:07,8.5,2024-12-19 14:16:07,2024-12-19 14:16:07,388,3298,23.28
291,00014528,2001920365,20,2024-12-17 14:16:07,9.0,2024-12-19 14:16:07,2024-12-19 14:16:07,388,3492,23.28
292,00014528,2001920365,20,2024-12-18 14:16:07,7.0,2024-12-19 14:16:07,2024-12-19 14:16:07,388,2716,23.28
293,00014528,2001920365,20,2025-01-27 14:16:07,8.0,2025-02-03 14:16:07,2025-02-03 14:16:07,318,2544,19.08
294,00014528,2001920365,20,2025-01-28 14:16:07,8.0,2025-02-03 14:16:07,2025-02-03 14:16:07,318,2544,19.08
295,00014528,2001920365,20,2025-01-29 14:16:07,8.5,2025-02-03 14:16:07,2025-02-03 14:16:07,318,2703,19.08
296,00014528,2001920365,20,2025-01-30 14:16:07,8.0,2025-02-03 14:16:07,2025-02-03 14:16:07,318,2544,19.08
297,00014528,2001920365,20,2025-01-31 14:16:07,7.5,2025-02-03 14:16:07,2025-02-03 14:16:07,318,2385,19.08
298,00014528,2001920365,20,2025-02-03 14:16:07,8.5,2025-02-10 14:16:07,2025-02-10 14:16:07,318,2703,19.08
299,00014528,2001920365,20,2025-02-04 14:16:07,8.0,2025-02-10 14:16:07,2025-02-10 14:16:07,318,2544,19.08
300,00014528,2001920365,20,2025-02-12 14:16:07,8.0,2025-02-18 14:16:07,2025-02-18 14:16:07,318,2544,19.08
301,00014528,2001920365,20,2025-03-04 14:16:07,8.5,2025-03-10 14:16:07,2025-03-10 14:16:07,318,2703,19.08
302,00014528,2001920365,20,2025-03-03 14:16:07,8.5,2025-03-10 14:16:07,2025-03-10 14:16:07,318,2703,19.08
303,00014528,2001920365,20,2025-01-13 14:16:07,8.0,2025-01-20 14:16:07,2025-01-20 14:16:07,318,2544,19.08
304,00014528,2001920365,20,2025-01-14 14:16:07,8.0,2025-01-20 14:16:07,2025-01-20 14:16:07,318,2544,19.08
305,00014528,2001920365,20,2025-01-15 14:16:07,8.0,2025-01-20 14:16:07,2025-01-20 14:16:07,318,2544,19.08
306,00014528,2001920365,20,2025-01-16 14:16:07,8.0,2025-01-20 14:16:07,2025-01-20 14:16:07,318,2544,19.08
307,00014528,2001920365,20,2025-03-05 14:16:07,8.0,2025-03-10 14:16:07,2025-03-10 14:16:07,318,2544,19.08
308,00014528,2001920365,20,2025-03-06 14:16:07,8.0,2025-03-10 14:16:07,2025-03-10 14:16:07,318,2544,19.08
309,00014528,2001920365,20,2025-03-07 14:16:07,7.0,2025-03-10 14:16:07,2025-03-10 14:16:07,318,2226,19.08
310,00014528,2001920365,20,2025-02-05 14:16:07,7.5,2025-02-10 14:16:07,2025-02-10 14:16:07,318,2385,19.08
311,00014528,2001920365,20,2025-02-06 14:16:07,8.0,2025-02-10 14:16:07,2025-02-10 14:16:07,318,2544,19.08
312,00014528,2001920365,20,2025-02-07 14:16:07,8.0,2025-02-10 14:16:07,2025-02-10 14:16:07,318,2544,19.08
313,00014528,2001920365,20,2025-02-10 14:16:07,8.0,2025-02-18 14:16:07,2025-02-18 14:16:07,318,2544,19.08
314,00014528,2001920365,20,2025-02-11 14:16:07,8.0,2025-02-18 14:16:07,2025-02-18 14:16:07,318,2544,19.08
315,00014529,2001920365,30,2025-01-22 14:16:07,9.0,2025-02-17 14:16:07,2025-02-17 14:16:07,388,3492,23.28
316,00014529,2001920365,30,2025-01-21 14:16:07,7.5,2025-02-17 14:16:07,2025-02-17 14:16:07,388,2910,23.28
317,00014529,2001920365,30,2025-01-20 14:16:07,8.0,2025-02-17 14:16:07,2025-02-17 14:16:07,388,3104,23.28
318,00014529,2001920365,30,2024-12-03 14:16:07,-4.0,2024-12-19 14:16:07,2024-12-19 14:16:07,388,-1552,23.28
319,00014529,2001920365,30,2024-12-02 14:16:07,-6.0,2024-12-19 14:16:07,2024-12-19 14:16:07,388,-2328,23.28
320,00014529,2001920365,30,2024-12-19 14:16:07,4.0,2024-12-19 14:16:07,2024-12-19 14:16:07,388,1552,23.28
321,00014529,2001920365,30,2024-12-18 14:16:07,7.5,2024-12-19 14:16:07,2024-12-19 14:16:07,388,2910,23.28
322,00014529,2001920365,30,2024-12-17 14:16:07,5.5,2024-12-19 14:16:07,2024-12-19 14:16:07,388,2134,23.28
323,00014529,2001920365,30,2024-12-16 14:16:07,6.5,2024-12-19 14:16:07,2024-12-19 14:16:07,388,2522,23.28
324,00014529,2001920365,30,2024-12-15 14:16:07,1.0,2024-12-19 14:16:07,2024-12-19 14:16:07,388,388,23.28
325,00014529,2001920365,30,2024-12-13 14:16:07,6.0,2024-12-19 14:16:07,2024-12-19 14:16:07,388,2328,23.28
326,00014529,2001920365,30,2024-12-12 14:16:07,8.0,2024-12-19 14:16:07,2024-12-19 14:16:07,388,3104,23.28
327,00014529,2001920365,30,2024-12-11 14:16:07,10.5,2024-12-19 14:16:07,2024-12-19 14:16:07,388,4074,23.28
328,00014529,2001920365,30,2024-12-10 14:16:07,8.5,2024-12-19 14:16:07,2024-12-19 14:16:07,388,3298,23.28
329,00014529,2001920365,30,2024-12-09 14:16:07,7.5,2024-12-19 14:16:07,2024-12-19 14:16:07,388,2910,23.28
330,00014529,2001920365,30,2024-12-06 14:16:07,5.5,2024-12-19 14:16:07,2024-12-19 14:16:07,388,2134,23.28
331,00014529,2001920365,30,2024-12-05 14:16:07,2.5,2024-12-19 14:16:07,2024-12-19 14:16:07,388,970,23.28
332,00014529,2001920365,30,2024-12-04 14:16:07,7.0,2024-12-19 14:16:07,2024-12-19 14:16:07,388,2716,23.28
333,00014529,2001920365,30,2024-12-03 14:16:07,4.0,2024-12-19 14:16:07,2024-12-19 14:16:07,388,1552,23.28
334,00014529,2001920365,30,2024-12-02 14:16:07,6.0,2024-12-19 14:16:07,2024-12-19 14:16:07,388,2328,23.28
335,00014529,2001920365,30,2025-02-18 14:16:07,0.5,2025-02-24 14:16:07,2025-02-24 14:16:07,388,194,23.28
336,00014529,2001920365,30,2025-02-17 14:16:07,2.0,2025-02-24 14:16:07,2025-02-24 14:16:07,388,776,23.28
337,00014529,2001920365,30,2024-12-06 14:16:07,5.5,2025-02-17 14:16:07,2025-02-17 14:16:07,388,2134,23.28
338,00014529,2001920365,30,2024-12-05 14:16:07,2.5,2025-02-17 14:16:07,2025-02-17 14:16:07,388,970,23.28
339,00014529,2001920365,30,2024-12-04 14:16:07,7.0,2025-02-17 14:16:07,2025-02-17 14:16:07,388,2716,23.28
340,00014529,2001920365,30,2024-12-03 14:16:07,4.0,2025-02-17 14:16:07,2025-02-17 14:16:07,388,1552,23.28
341,00014529,2001920365,30,2024-12-02 14:16:07,6.0,2025-02-17 14:16:07,2025-02-17 14:16:07,388,2328,23.28
342,00014529,2001920365,30,2025-01-29 14:16:07,8.5,2025-02-17 14:16:07,2025-02-17 14:16:07,388,3298,23.28
343,00014529,2001920365,30,2025-01-28 14:16:07,6.0,2025-02-17 14:16:07,2025-02-17 14:16:07,388,2328,23.28
344,00014529,2001920365,30,2025-01-24 14:16:07,3.5,2025-02-17 14:16:07,2025-02-17 14:16:07,388,1358,23.28
345,00014529,2001920365,30,2025-01-23 14:16:07,7.0,2025-02-17 14:16:07,2025-02-17 14:16:07,388,2716,23.28
346,00014529,2001920365,30,2024-12-30 14:16:07,6.5,2025-02-17 14:16:07,2025-02-17 14:16:07,388,2522,23.28
347,00014529,2001920365,30,2024-12-20 14:16:07,6.0,2025-02-17 14:16:07,2025-02-17 14:16:07,388,2328,23.28
348,00014529,2001920365,30,2024-12-19 14:16:07,4.0,2025-02-17 14:16:07,2025-02-17 14:16:07,388,1552,23.28
349,00014529,2001920365,30,2024-12-18 14:16:07,7.5,2025-02-17 14:16:07,2025-02-17 14:16:07,388,2910,23.28
350,00014529,2001920365,30,2024-12-17 14:16:07,5.5,2025-02-17 14:16:07,2025-02-17 14:16:07,388,2134,23.28
351,00014529,2001920365,30,2024-12-16 14:16:07,6.5,2025-02-17 14:16:07,2025-02-17 14:16:07,388,2522,23.28
352,00014529,2001920365,30,2024-12-15 14:16:07,1.0,2025-02-17 14:16:07,2025-02-17 14:16:07,388,388,23.28
353,00014529,2001920365,30,2024-12-13 14:16:07,6.0,2025-02-17 14:16:07,2025-02-17 14:16:07,388,2328,23.28
354,00014529,2001920365,30,2024-12-12 14:16:07,8.0,2025-02-17 14:16:07,2025-02-17 14:16:07,388,3104,23.28
355,00014529,2001920365,30,2024-12-11 14:16:07,10.5,2025-02-17 14:16:07,2025-02-17 14:16:07,388,4074,23.28
356,00014529,2001920365,30,2024-12-10 14:16:07,8.5,2025-02-17 14:16:07,2025-02-17 14:16:07,388,3298,23.28
357,00014529,2001920365,30,2024-12-09 14:16:07,7.5,2025-02-17 14:16:07,2025-02-17 14:16:07,388,2910,23.28
358,00014529,2001920365,30,2024-12-04 14:16:07,-7.0,2024-12-19 14:16:07,2024-12-19 14:16:07,388,-2716,23.28
359,00014529,2001920365,30,2024-12-05 14:16:07,-2.5,2024-12-19 14:16:07,2024-12-19 14:16:07,388,-970,23.28
360,00014529,2001920365,30,2024-12-06 14:16:07,-5.5,2024-12-19 14:16:07,2024-12-19 14:16:07,388,-2134,23.28
361,00014529,2001920365,30,2024-12-09 14:16:07,-7.5,2024-12-19 14:16:07,2024-12-19 14:16:07,388,-2910,23.28
362,00014529,2001920365,30,2024-12-10 14:16:07,-8.5,2024-12-19 14:16:07,2024-12-19 14:16:07,388,-3298,23.28
363,00014529,2001920365,30,2024-12-11 14:16:07,-10.5,2024-12-19 14:16:07,2024-12-19 14:16:07,388,-4074,23.28
364,00014529,2001920365,30,2024-12-12 14:16:07,-8.0,2024-12-19 14:16:07,2024-12-19 14:16:07,388,-3104,23.28
365,00014529,2001920365,30,2024-12-13 14:16:07,-6.0,2024-12-19 14:16:07,2024-12-19 14:16:07,388,-2328,23.28
366,00014529,2001920365,30,2024-12-15 14:16:07,-1.0,2024-12-19 14:16:07,2024-12-19 14:16:07,388,-388,23.28
367,00014529,2001920365,30,2024-12-16 14:16:07,-6.5,2024-12-19 14:16:07,2024-12-19 14:16:07,388,-2522,23.28
368,00014529,2001920365,30,2024-12-17 14:16:07,-5.5,2024-12-19 14:16:07,2024-12-19 14:16:07,388,-2134,23.28
369,00014529,2001920365,30,2025-01-30 14:16:07,4.5,2025-01-31 14:16:07,2025-01-31 14:16:07,388,1746,23.28
370,00014529,2001920365,30,2024-12-18 14:16:07,-7.5,2024-12-19 14:16:07,2024-12-19 14:16:07,388,-2910,23.28
371,00014529,2001920365,30,2024-12-19 14:16:07,-4.0,2024-12-19 14:16:07,2024-12-19 14:16:07,388,-1552,23.28
372,00014529,2001920365,30,2024-12-31 14:16:07,3.5,2025-02-17 14:16:07,2025-02-17 14:16:07,388,1358,23.28
373,00014529,2001920365,30,2025-01-27 14:16:07,9.5,2025-02-17 14:16:07,2025-02-17 14:16:07,388,3686,23.28
374,00014529,2001920365,30,2025-01-02 14:16:07,3.5,2025-02-17 14:16:07,2025-02-17 14:16:07,388,1358,23.28
375,00014529,2001920365,30,2024-12-23 14:16:07,1.5,2025-02-17 14:16:07,2025-02-17 14:16:07,388,582,23.28
376,00014529,2001920365,30,2024-12-27 14:16:07,2.5,2025-02-17 14:16:07,2025-02-17 14:16:07,388,970,23.28
377,00014529,2001920365,30,2025-01-06 14:16:07,7.5,2025-02-17 14:16:07,2025-02-17 14:16:07,388,2910,23.28
378,00014529,2001920365,30,2025-01-07 14:16:07,7.5,2025-02-17 14:16:07,2025-02-17 14:16:07,388,2910,23.28
379,00014529,2001920365,30,2025-01-08 14:16:07,6.5,2025-02-17 14:16:07,2025-02-17 14:16:07,388,2522,23.28
380,00014529,2001920365,30,2025-01-09 14:16:07,5.0,2025-02-17 14:16:07,2025-02-17 14:16:07,388,1940,23.28
381,00014529,2001920365,30,2025-01-10 14:16:07,6.5,2025-02-17 14:16:07,2025-02-17 14:16:07,388,2522,23.28
382,00014529,2001920365,30,2025-01-13 14:16:07,7.5,2025-02-17 14:16:07,2025-02-17 14:16:07,388,2910,23.28
383,00014529,2001920365,30,2025-01-14 14:16:07,7.0,2025-02-17 14:16:07,2025-02-17 14:16:07,388,2716,23.28
384,00014529,2001920365,30,2025-01-15 14:16:07,10.0,2025-02-17 14:16:07,2025-02-17 14:16:07,388,3880,23.28
385,00014529,2001920365,30,2025-01-16 14:16:07,8.0,2025-02-17 14:16:07,2025-02-17 14:16:07,388,3104,23.28
386,00014529,2001920365,30,2025-01-17 14:16:07,5.5,2025-02-17 14:16:07,2025-02-17 14:16:07,388,2134,23.28
387,00014534,2001920365,40,2025-01-21 14:16:07,6.0,2025-01-24 14:16:07,2025-01-24 14:16:07,478,2868,28.68
388,00014534,2001920365,40,2025-01-10 14:16:07,6.0,2025-01-10 14:16:07,2025-01-10 14:16:07,478,2868,28.68
389,00014534,2001920365,40,2025-01-09 14:16:07,6.0,2025-01-10 14:16:07,2025-01-10 14:16:07,478,2868,28.68
390,00014534,2001920365,40,2025-01-08 14:16:07,6.0,2025-01-10 14:16:07,2025-01-10 14:16:07,478,2868,28.68
391,00014534,2001920365,40,2025-01-07 14:16:07,6.0,2025-01-10 14:16:07,2025-01-10 14:16:07,478,2868,28.68
392,00014534,2001920365,40,2025-01-06 14:16:07,6.0,2025-01-10 14:16:07,2025-01-10 14:16:07,478,2868,28.68
393,00014534,2001920365,40,2025-01-13 14:16:07,6.0,2025-01-17 14:16:07,2025-01-17 14:16:07,478,2868,28.68
394,00014534,2001920365,40,2025-01-14 14:16:07,6.0,2025-01-17 14:16:07,2025-01-17 14:16:07,478,2868,28.68
395,00014534,2001920365,40,2025-01-15 14:16:07,6.0,2025-01-17 14:16:07,2025-01-17 14:16:07,478,2868,28.68
396,00014534,2001920365,40,2025-01-16 14:16:07,6.0,2025-01-17 14:16:07,2025-01-17 14:16:07,478,2868,28.68
397,00014534,2001920365,40,2025-01-22 14:16:07,6.0,2025-01-24 14:16:07,2025-01-24 14:16:07,478,2868,28.68
398,00014534,2001920365,40,2025-01-23 14:16:07,6.0,2025-01-24 14:16:07,2025-01-24 14:16:07,478,2868,28.68
399,00014534,2001920365,40,2025-01-24 14:16:07,6.0,2025-01-24 14:16:07,2025-01-24 14:16:07,478,2868,28.68
400,00014525,2001920365,40,2024-12-04 14:16:07,1.0,2025-01-27 14:16:07,2025-01-27 14:16:07,274,274,16.439999999999998
401,00014525,2001920365,40,2024-12-05 14:16:07,1.0,2025-01-27 14:16:07,2025-01-27 14:16:07,274,274,16.439999999999998
402,00014534,2001920365,40,2025-01-17 14:16:07,6.0,2025-01-17 14:16:07,2025-01-17 14:16:07,478,2868,28.68
403,00014536,2001920365,40,2024-12-19 14:16:07,3.0,2024-12-19 14:16:07,2024-12-19 14:16:07,148,444,8.879999999999999
404,00014536,2001920365,40,2024-12-18 14:16:07,4.5,2024-12-19 14:16:07,2024-12-19 14:16:07,148,666,8.879999999999999
405,00014534,2001920365,40,2024-12-16 14:16:07,2.0,2024-12-19 14:16:07,2024-12-19 14:16:07,478,956,28.68
406,00014534,2001920365,40,2024-12-02 14:16:07,2.0,2024-12-06 14:16:07,2024-12-06 14:16:07,478,956,28.68
407,00014534,2001920365,40,2024-12-03 14:16:07,2.0,2024-12-06 14:16:07,2024-12-06 14:16:07,478,956,28.68
408,00014534,2001920365,40,2024-12-04 14:16:07,1.0,2024-12-06 14:16:07,2024-12-06 14:16:07,478,478,28.68
409,00014534,2001920365,40,2024-12-05 14:16:07,2.0,2024-12-06 14:16:07,2024-12-06 14:16:07,478,956,28.68
410,00014534,2001920365,40,2024-12-06 14:16:07,2.0,2024-12-06 14:16:07,2024-12-06 14:16:07,478,956,28.68
411,00014525,2001920365,40,2024-12-20 14:16:07,1.0,2024-12-20 14:16:07,2024-12-20 14:16:07,274,274,16.439999999999998
412,00014525,2001920365,40,2024-12-18 14:16:07,1.0,2024-12-20 14:16:07,2024-12-20 14:16:07,274,274,16.439999999999998
413,00014525,2001920365,40,2024-12-17 14:16:07,2.0,2024-12-20 14:16:07,2024-12-20 14:16:07,274,548,16.439999999999998
414,00014536,2001920365,40,2024-12-20 14:16:07,4.0,2024-12-20 14:16:07,2024-12-20 14:16:07,148,592,8.879999999999999
415,00014534,2001920365,40,2024-12-20 14:16:07,1.0,2024-12-20 14:16:07,2024-12-20 14:16:07,478,478,28.68
416,00014534,2001920365,40,2024-12-19 14:16:07,2.0,2024-12-19 14:16:07,2024-12-19 14:16:07,478,956,28.68
417,00014534,2001920365,40,2024-12-18 14:16:07,2.0,2024-12-19 14:16:07,2024-12-19 14:16:07,478,956,28.68
418,00014534,2001920365,40,2024-12-17 14:16:07,2.0,2024-12-19 14:16:07,2024-12-19 14:16:07,478,956,28.68
419,00014525,2001920365,40,2025-01-15 14:16:07,1.0,2025-01-22 14:16:07,2025-01-22 14:16:07,256,256,15.36
420,00014525,2001920365,40,2024-12-04 14:16:07,-1.0,2025-01-22 14:16:07,2025-01-22 14:16:07,274,-274,16.439999999999998
421,00014525,2001920365,40,2024-12-05 14:16:07,-1.0,2025-01-22 14:16:07,2025-01-22 14:16:07,274,-274,16.439999999999998
422,00014534,2001920365,40,2025-01-20 14:16:07,6.0,2025-01-24 14:16:07,2025-01-24 14:16:07,478,2868,28.68
423,00014525,2001920365,40,2024-12-05 14:16:07,1.0,2024-12-19 14:16:07,2024-12-19 14:16:07,274,274,16.439999999999998
424,00014525,2001920365,40,2024-12-04 14:16:07,1.0,2024-12-19 14:16:07,2024-12-19 14:16:07,274,274,16.439999999999998
425,00014536,2001920365,40,2024-12-17 14:16:07,2.5,2024-12-18 14:16:07,2024-12-18 14:16:07,148,370,8.879999999999999
426,00014536,2001920365,40,2024-12-13 14:16:07,1.0,2024-12-13 14:16:07,2024-12-13 14:16:07,148,148,8.879999999999999
427,00014536,2001920365,40,2024-12-12 14:16:07,0.5,2024-12-13 14:16:07,2024-12-13 14:16:07,148,74,8.879999999999999
428,00014534,2001920365,40,2024-12-13 14:16:07,2.0,2024-12-13 14:16:07,2024-12-13 14:16:07,478,956,28.68
429,00014534,2001920365,40,2024-12-12 14:16:07,2.0,2024-12-13 14:16:07,2024-12-13 14:16:07,478,956,28.68
430,00014534,2001920365,40,2024-12-11 14:16:07,2.0,2024-12-13 14:16:07,2024-12-13 14:16:07,478,956,28.68
431,00014534,2001920365,40,2024-12-10 14:16:07,2.0,2024-12-13 14:16:07,2024-12-13 14:16:07,478,956,28.68
432,00014534,2001920365,40,2024-12-09 14:16:07,1.0,2024-12-13 14:16:07,2024-12-13 14:16:07,478,478,28.68
433,00014525,2001920365,40,2024-12-09 14:16:07,0.5,2024-12-19 14:16:07,2024-12-19 14:16:07,274,137,16.439999999999998
434,00014525,2001920365,40,2024-12-11 14:16:07,1.5,2024-12-19 14:16:07,2024-12-19 14:16:07,274,411,16.439999999999998
435,00014525,2001920365,40,2024-12-13 14:16:07,0.5,2024-12-19 14:16:07,2024-12-19 14:16:07,274,137,16.439999999999998
436,00014534,2002059395,10,2024-12-10 14:16:07,2.0,2024-12-13 14:16:07,2024-12-13 14:16:07,478,956,28.68
437,00014534,2002059395,10,2024-12-09 14:16:07,2.0,2024-12-13 14:16:07,2024-12-13 14:16:07,478,956,28.68
438,h,2002059395,10,2024-12-11 14:16:07,8.0,2024-12-11 14:16:07,2024-12-11 14:16:07,148,1184,8.879999999999999
439,00014536,2002059395,10,2024-12-10 14:16:07,8.0,2024-12-11 14:16:07,2024-12-11 14:16:07,148,1184,8.879999999999999
440,00014536,2002059395,10,2024-12-09 14:16:07,8.0,2024-12-11 14:16:07,2024-12-11 14:16:07,148,1184,8.879999999999999
441,00014535,2002059395,10,2024-12-06 14:16:07,4.5,2024-12-06 14:16:07,2024-12-06 14:16:07,210,945,12.6
442,00014535,2002059395,10,2024-12-06 14:16:07,-5.0,2024-12-06 14:16:07,2024-12-06 14:16:07,210,-1050,12.6
443,00014535,2002059395,10,2024-12-06 14:16:07,5.0,2024-12-06 14:16:07,2024-12-06 14:16:07,210,1050,12.6
444,00014535,2002059395,10,2024-12-05 14:16:07,5.0,2024-12-06 14:16:07,2024-12-06 14:16:07,210,1050,12.6
445,00014535,2002059395,10,2024-12-04 14:16:07,5.0,2024-12-06 14:16:07,2024-12-06 14:16:07,210,1050,12.6
446,00014535,2002059395,10,2024-12-03 14:16:07,5.5,2024-12-06 14:16:07,2024-12-06 14:16:07,210,1155,12.6
447,00014534,2002059395,10,2024-12-11 14:16:07,1.0,2024-12-13 14:16:07,2024-12-13 14:16:07,478,478,28.68
448,00014534,2002059395,10,2024-12-12 14:16:07,1.0,2024-12-13 14:16:07,2024-12-13 14:16:07,478,478,28.68
449,00014534,2002059395,10,2024-12-13 14:16:07,2.0,2024-12-13 14:16:07,2024-12-13 14:16:07,478,956,28.68
450,00014537,2002059395,10,2024-12-09 14:16:07,4.0,2024-12-13 14:16:07,2024-12-13 14:16:07,388,1552,23.28
451,00014537,2002059395,10,2024-12-10 14:16:07,4.0,2024-12-13 14:16:07,2024-12-13 14:16:07,388,1552,23.28
452,00014537,2002059395,10,2024-12-11 14:16:07,4.0,2024-12-13 14:16:07,2024-12-13 14:16:07,388,1552,23.28
453,00014534,2002059395,10,2024-12-19 14:16:07,1.0,2024-12-19 14:16:07,2024-12-19 14:16:07,478,478,28.68
454,00014536,2002059395,10,2024-12-17 14:16:07,5.0,2024-12-18 14:16:07,2024-12-18 14:16:07,148,740,8.879999999999999
455,00014536,2002059395,10,2024-12-03 14:16:07,8.5,2024-12-04 14:16:07,2024-12-04 14:16:07,148,1258,8.879999999999999
456,00014536,2002059395,10,2024-12-02 14:16:07,3.0,2024-12-04 14:16:07,2024-12-04 14:16:07,148,444,8.879999999999999
457,00014536,2002059395,10,2024-12-02 14:16:07,5.5,2024-12-04 14:16:07,2024-12-04 14:16:07,148,814,8.879999999999999
458,00014536,2002059395,10,2024-12-13 14:16:07,4.0,2024-12-13 14:16:07,2024-12-13 14:16:07,148,592,8.879999999999999
459,00014537,2002059395,10,2024-12-13 14:16:07,4.0,2024-12-13 14:16:07,2024-12-13 14:16:07,388,1552,23.28
460,00014537,2002059395,10,2024-12-12 14:16:07,4.0,2024-12-13 14:16:07,2024-12-13 14:16:07,388,1552,23.28
461,00014534,2002059395,10,2024-12-20 14:16:07,1.0,2024-12-20 14:16:07,2024-12-20 14:16:07,478,478,28.68
462,00014536,2002059395,10,2024-12-20 14:16:07,3.5,2024-12-20 14:16:07,2024-12-20 14:16:07,148,518,8.879999999999999
463,00014536,2002059395,10,2024-12-12 14:16:07,4.0,2024-12-13 14:16:07,2024-12-13 14:16:07,148,592,8.879999999999999
464,00014536,2002059395,10,2024-12-09 14:16:07,-8.0,2024-12-13 14:16:07,2024-12-13 14:16:07,148,-1184,8.879999999999999
465,00014536,2002059395,10,2024-12-10 14:16:07,-8.0,2024-12-13 14:16:07,2024-12-13 14:16:07,148,-1184,8.879999999999999
466,00014536,2002059395,10,2024-12-11 14:16:07,-8.0,2024-12-13 14:16:07,2024-12-13 14:16:07,148,-1184,8.879999999999999
467,00014536,2002059395,10,2024-12-09 14:16:07,8.0,2024-12-13 14:16:07,2024-12-13 14:16:07,148,1184,8.879999999999999
468,00014536,2002059395,10,2024-12-10 14:16:07,8.0,2024-12-13 14:16:07,2024-12-13 14:16:07,148,1184,8.879999999999999
469,00014536,2002059395,10,2024-12-11 14:16:07,8.0,2024-12-13 14:16:07,2024-12-13 14:16:07,148,1184,8.879999999999999
470,00014535,2002059395,10,2024-12-09 14:16:07,4.0,2024-12-13 14:16:07,2024-12-13 14:16:07,210,840,12.6
471,00014535,2002059395,10,2024-12-10 14:16:07,4.5,2024-12-13 14:16:07,2024-12-13 14:16:07,210,945,12.6
472,00014535,2002059395,10,2024-12-11 14:16:07,4.5,2024-12-13 14:16:07,2024-12-13 14:16:07,210,945,12.6
473,00014535,2002059395,10,2024-12-12 14:16:07,4.5,2024-12-13 14:16:07,2024-12-13 14:16:07,210,945,12.6
474,00014535,2002059395,10,2024-12-13 14:16:07,4.5,2024-12-13 14:16:07,2024-12-13 14:16:07,210,945,12.6
475,00014536,2002059395,10,2024-12-16 14:16:07,3.0,2024-12-17 14:16:07,2024-12-17 14:16:07,148,444,8.879999999999999
476,00014536,2002059395,10,2024-12-18 14:16:07,3.0,2024-12-19 14:16:07,2024-12-19 14:16:07,148,444,8.879999999999999
477,00014534,2002059395,10,2024-12-16 14:16:07,2.0,2024-12-19 14:16:07,2024-12-19 14:16:07,478,956,28.68
478,00014534,2002059395,10,2024-12-17 14:16:07,1.0,2024-12-19 14:16:07,2024-12-19 14:16:07,478,478,28.68
479,00014534,2002059395,10,2024-12-18 14:16:07,1.0,2024-12-19 14:16:07,2024-12-19 14:16:07,478,478,28.68
480,00014535,2002059395,10,2024-12-02 14:16:07,6.5,2024-12-06 14:16:07,2024-12-06 14:16:07,210,1365,12.6
481,00014537,2002059395,10,2024-12-17 14:16:07,2.0,2024-12-19 14:16:07,2024-12-19 14:16:07,388,776,23.28
482,00014536,2002059395,10,2024-12-19 14:16:07,4.5,2024-12-19 14:16:07,2024-12-19 14:16:07,148,666,8.879999999999999
483,00014534,2002059395,10,2024-12-06 14:16:07,1.0,2024-12-06 14:16:07,2024-12-06 14:16:07,478,478,28.68
484,00014534,2002059395,10,2024-12-05 14:16:07,2.0,2024-12-06 14:16:07,2024-12-06 14:16:07,478,956,28.68
485,00014534,2002059395,10,2024-12-04 14:16:07,2.0,2024-12-06 14:16:07,2024-12-06 14:16:07,478,956,28.68
486,00014534,2002059395,10,2024-12-03 14:16:07,2.0,2024-12-06 14:16:07,2024-12-06 14:16:07,478,956,28.68
487,00014534,2002059395,10,2024-12-02 14:16:07,2.0,2024-12-06 14:16:07,2024-12-06 14:16:07,478,956,28.68
488,00014536,2002059395,10,2024-12-06 14:16:07,8.0,2024-12-06 14:16:07,2024-12-06 14:16:07,148,1184,8.879999999999999
489,00014536,2002059395,10,2024-12-05 14:16:07,8.0,2024-12-06 14:16:07,2024-12-06 14:16:07,148,1184,8.879999999999999
490,00014537,2002059395,10,2024-12-06 14:16:07,2.0,2024-12-06 14:16:07,2024-12-06 14:16:07,388,776,23.28
491,00014537,2002059395,10,2024-12-05 14:16:07,2.0,2024-12-05 14:16:07,2024-12-05 14:16:07,388,776,23.28
492,00014537,2002059395,10,2024-12-04 14:16:07,2.0,2024-12-05 14:16:07,2024-12-05 14:16:07,388,776,23.28
493,00014537,2002059395,10,2024-12-03 14:16:07,2.0,2024-12-05 14:16:07,2024-12-05 14:16:07,388,776,23.28
494,00014537,2002059395,10,2024-12-02 14:16:07,2.0,2024-12-05 14:16:07,2024-12-05 14:16:07,388,776,23.28
495,00014536,2002059395,10,2024-12-04 14:16:07,5.5,2024-12-04 14:16:07,2024-12-04 14:16:07,148,814,8.879999999999999
496,00014537,2002059395,10,2024-12-16 14:16:07,3.0,2024-12-19 14:16:07,2024-12-19 14:16:07,388,1164,23.28
497,00014536,2002059395,10,2024-12-04 14:16:07,2.5,2024-12-04 14:16:07,2024-12-04 14:16:07,148,370,8.879999999999999
498,00014523,3000512342,10,2024-12-16 14:16:07,4.0,2024-12-18 14:16:07,2024-12-18 14:16:07,210,840,12.6
499,00014523,3000512342,10,2024-12-17 14:16:07,7.0,2024-12-18 14:16:07,2024-12-18 14:16:07,210,1470,12.6
500,00014527,3000512342,10,2025-01-02 14:16:07,7.5,2025-01-03 14:16:07,2025-01-03 14:16:07,210,1575,12.6
501,00014527,3000512342,10,2025-01-03 14:16:07,7.5,2025-01-03 14:16:07,2025-01-03 14:16:07,210,1575,12.6
502,00014525,3000512342,10,2024-12-23 14:16:07,0.5,2025-01-07 14:16:07,2025-01-07 14:16:07,274,137,16.439999999999998
503,00014523,3000512342,10,2024-12-18 14:16:07,7.5,2024-12-18 14:16:07,2024-12-18 14:16:07,210,1575,12.6
504,00014523,3000512342,10,2024-12-18 14:16:07,-7.5,2024-12-18 14:16:07,2024-12-18 14:16:07,210,-1575,12.6
505,00014523,3000512342,10,2024-12-18 14:16:07,7.0,2024-12-18 14:16:07,2024-12-18 14:16:07,210,1470,12.6
506,00014523,3000512342,10,2024-12-19 14:16:07,5.0,2024-12-19 14:16:07,2024-12-19 14:16:07,210,1050,12.6
507,00014523,3000512342,10,2025-01-06 14:16:07,8.0,2025-01-08 14:16:07,2025-01-08 14:16:07,210,1680,12.6
508,00014523,3000512342,10,2025-01-07 14:16:07,8.0,2025-01-08 14:16:07,2025-01-08 14:16:07,210,1680,12.6
509,00014523,3000512342,10,2024-12-11 14:16:07,-6.0,2024-12-20 14:16:07,2024-12-20 14:16:07,210,-1260,12.6
510,00014523,3000512342,10,2025-02-13 14:16:07,-7.5,2025-02-13 14:16:07,2025-02-13 14:16:07,210,-1575,12.6
511,00014523,3000512342,10,2025-02-13 14:16:07,7.5,2025-02-13 14:16:07,2025-02-13 14:16:07,210,1575,12.6
512,00014523,3000512342,10,2025-02-12 14:16:07,7.0,2025-02-13 14:16:07,2025-02-13 14:16:07,210,1470,12.6
513,00014523,3000512342,10,2025-02-11 14:16:07,7.0,2025-02-13 14:16:07,2025-02-13 14:16:07,210,1470,12.6
514,00014523,3000512342,10,2025-02-10 14:16:07,7.0,2025-02-13 14:16:07,2025-02-13 14:16:07,210,1470,12.6
515,00014525,3000512342,10,2025-02-06 14:16:07,7.0,2025-02-10 14:16:07,2025-02-10 14:16:07,256,1792,15.36
516,00014525,3000512342,10,2025-02-05 14:16:07,1.0,2025-02-10 14:16:07,2025-02-10 14:16:07,256,256,15.36
517,00014523,3000512342,10,2024-12-10 14:16:07,-6.0,2024-12-20 14:16:07,2024-12-20 14:16:07,210,-1260,12.6
518,00014523,3000512342,10,2024-12-09 14:16:07,-6.0,2024-12-20 14:16:07,2024-12-20 14:16:07,210,-1260,12.6
519,00014523,3000512342,10,2024-12-06 14:16:07,-2.0,2024-12-20 14:16:07,2024-12-20 14:16:07,210,-420,12.6
520,00014523,3000512342,10,2024-12-04 14:16:07,-3.0,2024-12-20 14:16:07,2024-12-20 14:16:07,210,-630,12.6
521,00014523,3000512342,10,2024-12-20 14:16:07,4.0,2024-12-20 14:16:07,2024-12-20 14:16:07,210,840,12.6
522,00014525,3000512342,10,2024-12-13 14:16:07,1.5,2024-12-19 14:16:07,2024-12-19 14:16:07,274,411,16.439999999999998
523,00014525,3000512342,10,2024-12-10 14:16:07,1.0,2024-12-19 14:16:07,2024-12-19 14:16:07,274,274,16.439999999999998
524,00014523,3000512342,10,2025-01-08 14:16:07,6.0,2025-01-08 14:16:07,2025-01-08 14:16:07,210,1260,12.6
525,00014525,3000512342,10,2024-12-20 14:16:07,1.0,2024-12-20 14:16:07,2024-12-20 14:16:07,274,274,16.439999999999998
526,00014525,3000512342,10,2024-12-19 14:16:07,1.0,2024-12-20 14:16:07,2024-12-20 14:16:07,274,274,16.439999999999998
527,00014525,3000512342,10,2024-12-18 14:16:07,3.0,2024-12-20 14:16:07,2024-12-20 14:16:07,274,822,16.439999999999998
528,00014525,3000512342,10,2024-12-16 14:16:07,1.5,2024-12-20 14:16:07,2024-12-20 14:16:07,274,411,16.439999999999998
529,00014523,3000512342,10,2024-12-06 14:16:07,5.0,2024-12-20 14:16:07,2024-12-20 14:16:07,210,1050,12.6
530,00014523,3000512342,10,2024-12-04 14:16:07,5.0,2024-12-20 14:16:07,2024-12-20 14:16:07,210,1050,12.6
531,00014523,3000512342,10,2024-12-12 14:16:07,6.0,2024-12-20 14:16:07,2024-12-20 14:16:07,210,1260,12.6
532,00014523,3000512342,10,2024-12-11 14:16:07,6.5,2024-12-20 14:16:07,2024-12-20 14:16:07,210,1365,12.6
533,00014523,3000512342,10,2024-12-10 14:16:07,7.0,2024-12-20 14:16:07,2024-12-20 14:16:07,210,1470,12.6
534,00014523,3000512342,10,2024-12-09 14:16:07,7.0,2024-12-20 14:16:07,2024-12-20 14:16:07,210,1470,12.6
535,00014523,3000512342,10,2024-12-19 14:16:07,6.0,2024-12-20 14:16:07,2024-12-20 14:16:07,210,1260,12.6
536,00014523,3000512342,10,2024-12-20 14:16:07,5.0,2024-12-20 14:16:07,2024-12-20 14:16:07,210,1050,12.6
537,00014523,3000512342,10,2024-12-19 14:16:07,-5.0,2024-12-20 14:16:07,2024-12-20 14:16:07,210,-1050,12.6
538,00014523,3000512342,10,2024-12-20 14:16:07,-4.0,2024-12-20 14:16:07,2024-12-20 14:16:07,210,-840,12.6
539,00014523,3000512342,10,2024-12-12 14:16:07,-6.0,2024-12-20 14:16:07,2024-12-20 14:16:07,210,-1260,12.6
540,00014523,3000512342,10,2024-12-10 14:16:07,6.0,2024-12-10 14:16:07,2024-12-10 14:16:07,210,1260,12.6
541,00014523,3000512342,10,2024-12-09 14:16:07,6.0,2024-12-10 14:16:07,2024-12-10 14:16:07,210,1260,12.6
542,00014523,3000512342,10,2024-12-06 14:16:07,2.0,2024-12-10 14:16:07,2024-12-10 14:16:07,210,420,12.6
543,00014523,3000512342,10,2024-12-05 14:16:07,4.0,2024-12-10 14:16:07,2024-12-10 14:16:07,210,840,12.6
544,00014523,3000512342,10,2024-12-04 14:16:07,3.0,2024-12-10 14:16:07,2024-12-10 14:16:07,210,630,12.6
545,00014527,3000512342,10,2025-02-04 14:16:07,-7.5,2025-02-15 14:16:07,2025-02-15 14:16:07,210,-1575,12.6
546,00014527,3000512342,10,2025-02-03 14:16:07,-7.5,2025-02-15 14:16:07,2025-02-15 14:16:07,210,-1575,12.6
547,00014523,3000512342,10,2025-02-17 14:16:07,6.0,2025-02-21 14:16:07,2025-02-21 14:16:07,210,1260,12.6
548,00014527,3000512342,10,2025-02-28 14:16:07,7.5,2025-02-28 14:16:07,2025-02-28 14:16:07,210,1575,12.6
549,00014527,3000512342,10,2025-02-27 14:16:07,7.5,2025-02-27 14:16:07,2025-02-27 14:16:07,210,1575,12.6
550,00014527,3000512342,10,2025-02-26 14:16:07,6.5,2025-02-26 14:16:07,2025-02-26 14:16:07,210,1365,12.6
551,00014527,3000512342,10,2025-02-25 14:16:07,7.5,2025-02-26 14:16:07,2025-02-26 14:16:07,210,1575,12.6
552,00014527,3000512342,10,2025-02-14 14:16:07,6.5,2025-02-26 14:16:07,2025-02-26 14:16:07,210,1365,12.6
553,00014527,3000512342,10,2025-02-11 14:16:07,8.0,2025-02-26 14:16:07,2025-02-26 14:16:07,210,1680,12.6
554,00014527,3000512342,10,2025-02-24 14:16:07,9.5,2025-02-26 14:16:07,2025-02-26 14:16:07,210,1995,12.6
555,00014527,3000512342,10,2025-02-14 14:16:07,-4.5,2025-02-26 14:16:07,2025-02-26 14:16:07,210,-945,12.6
556,00014527,3000512342,10,2025-02-11 14:16:07,-10.0,2025-02-26 14:16:07,2025-02-26 14:16:07,210,-2100,12.6
557,00014525,3000512342,10,2025-02-21 14:16:07,1.5,2025-02-24 14:16:07,2025-02-24 14:16:07,256,384,15.36
558,00014525,3000512342,10,2025-02-17 14:16:07,2.0,2025-02-24 14:16:07,2025-02-24 14:16:07,256,512,15.36
559,00014527,3000512342,10,2025-02-21 14:16:07,7.0,2025-02-21 14:16:07,2025-02-21 14:16:07,210,1470,12.6
560,00014527,3000512342,10,2025-02-20 14:16:07,6.5,2025-02-21 14:16:07,2025-02-21 14:16:07,210,1365,12.6
561,00014527,3000512342,10,2025-02-19 14:16:07,7.0,2025-02-21 14:16:07,2025-02-21 14:16:07,210,1470,12.6
562,00014527,3000512342,10,2025-02-18 14:16:07,9.5,2025-02-21 14:16:07,2025-02-21 14:16:07,210,1995,12.6
563,00014523,3000512342,10,2025-02-20 14:16:07,4.0,2025-02-21 14:16:07,2025-02-21 14:16:07,210,840,12.6
564,00014525,3000512342,10,2025-02-14 14:16:07,2.0,2025-02-18 14:16:07,2025-02-18 14:16:07,256,512,15.36
565,00014525,3000512342,10,2025-02-13 14:16:07,2.0,2025-02-18 14:16:07,2025-02-18 14:16:07,256,512,15.36
566,00014525,3000512342,10,2025-02-12 14:16:07,0.5,2025-02-18 14:16:07,2025-02-18 14:16:07,256,128,15.36
567,00014525,3000512342,10,2025-02-11 14:16:07,1.5,2025-02-18 14:16:07,2025-02-18 14:16:07,256,384,15.36
568,00014525,3000512342,10,2025-02-10 14:16:07,1.0,2025-02-18 14:16:07,2025-02-18 14:16:07,256,256,15.36
569,00014527,3000512342,10,2025-02-14 14:16:07,4.5,2025-02-15 14:16:07,2025-02-15 14:16:07,210,945,12.6
570,00014527,3000512342,10,2025-02-10 14:16:07,9.5,2025-02-15 14:16:07,2025-02-15 14:16:07,210,1995,12.6
571,00014527,3000512342,10,2025-02-11 14:16:07,10.0,2025-02-15 14:16:07,2025-02-15 14:16:07,210,2100,12.6
572,00014527,3000512342,10,2025-02-07 14:16:07,5.0,2025-02-15 14:16:07,2025-02-15 14:16:07,210,1050,12.6
573,00014527,3000512342,10,2025-02-06 14:16:07,6.5,2025-02-15 14:16:07,2025-02-15 14:16:07,210,1365,12.6
574,00014527,3000512342,10,2025-02-05 14:16:07,8.0,2025-02-15 14:16:07,2025-02-15 14:16:07,210,1680,12.6
575,00014527,3000512342,10,2025-02-04 14:16:07,7.5,2025-02-15 14:16:07,2025-02-15 14:16:07,210,1575,12.6
576,00014527,3000512342,10,2025-02-03 14:16:07,10.0,2025-02-15 14:16:07,2025-02-15 14:16:07,210,2100,12.6
577,00014527,3000512342,10,2025-02-14 14:16:07,-7.5,2025-02-15 14:16:07,2025-02-15 14:16:07,210,-1575,12.6
578,00014527,3000512342,10,2025-02-13 14:16:07,-7.5,2025-02-15 14:16:07,2025-02-15 14:16:07,210,-1575,12.6
579,00014527,3000512342,10,2025-02-12 14:16:07,-7.5,2025-02-15 14:16:07,2025-02-15 14:16:07,210,-1575,12.6
580,00014527,3000512342,10,2025-02-11 14:16:07,-7.5,2025-02-15 14:16:07,2025-02-15 14:16:07,210,-1575,12.6
581,00014527,3000512342,10,2025-02-10 14:16:07,-7.5,2025-02-15 14:16:07,2025-02-15 14:16:07,210,-1575,12.6
582,00014527,3000512342,10,2025-02-07 14:16:07,-7.5,2025-02-15 14:16:07,2025-02-15 14:16:07,210,-1575,12.6
583,00014527,3000512342,10,2025-02-06 14:16:07,-7.5,2025-02-15 14:16:07,2025-02-15 14:16:07,210,-1575,12.6
584,00014527,3000512342,10,2025-02-05 14:16:07,-7.5,2025-02-15 14:16:07,2025-02-15 14:16:07,210,-1575,12.6
585,00014527,3000512342,10,2025-01-31 14:16:07,-7.5,2025-02-02 14:16:07,2025-02-02 14:16:07,210,-1575,12.6
586,00014527,3000512342,10,2025-01-30 14:16:07,-2.5,2025-02-02 14:16:07,2025-02-02 14:16:07,210,-525,12.6
587,00014527,3000512342,10,2025-01-29 14:16:07,-7.5,2025-02-02 14:16:07,2025-02-02 14:16:07,210,-1575,12.6
588,00014527,3000512342,10,2025-01-28 14:16:07,-7.0,2025-02-02 14:16:07,2025-02-02 14:16:07,210,-1470,12.6
589,00014527,3000512342,10,2025-01-31 14:16:07,6.5,2025-02-02 14:16:07,2025-02-02 14:16:07,210,1365,12.6
590,00014527,3000512342,10,2025-01-28 14:16:07,6.0,2025-02-02 14:16:07,2025-02-02 14:16:07,210,1260,12.6
591,00014527,3000512342,10,2025-01-30 14:16:07,2.5,2025-02-02 14:16:07,2025-02-02 14:16:07,210,525,12.6
592,00014527,3000512342,10,2025-01-29 14:16:07,5.5,2025-02-02 14:16:07,2025-02-02 14:16:07,210,1155,12.6
593,00014527,3000512342,10,2025-01-31 14:16:07,7.5,2025-02-01 14:16:07,2025-02-01 14:16:07,210,1575,12.6
594,00014527,3000512342,10,2025-01-30 14:16:07,2.5,2025-02-01 14:16:07,2025-02-01 14:16:07,210,525,12.6
595,00014527,3000512342,10,2025-01-29 14:16:07,7.5,2025-02-01 14:16:07,2025-02-01 14:16:07,210,1575,12.6
596,00014527,3000512342,10,2025-01-28 14:16:07,7.0,2025-02-01 14:16:07,2025-02-01 14:16:07,210,1470,12.6
597,00014527,3000512342,10,2025-01-27 14:16:07,7.5,2025-02-01 14:16:07,2025-02-01 14:16:07,210,1575,12.6
598,00014527,3000512342,10,2025-02-14 14:16:07,7.5,2025-02-14 14:16:07,2025-02-14 14:16:07,210,1575,12.6
599,00014527,3000512342,10,2025-02-13 14:16:07,7.5,2025-02-14 14:16:07,2025-02-14 14:16:07,210,1575,12.6
600,00014527,3000512342,10,2025-02-12 14:16:07,7.5,2025-02-14 14:16:07,2025-02-14 14:16:07,210,1575,12.6
601,00014527,3000512342,10,2025-02-11 14:16:07,7.5,2025-02-14 14:16:07,2025-02-14 14:16:07,210,1575,12.6
602,00014527,3000512342,10,2025-02-10 14:16:07,7.5,2025-02-14 14:16:07,2025-02-14 14:16:07,210,1575,12.6
603,00014523,3000512342,10,2025-02-12 14:16:07,7.5,2025-02-14 14:16:07,2025-02-14 14:16:07,210,1575,12.6
604,00014523,3000512342,10,2025-02-12 14:16:07,-7.0,2025-02-14 14:16:07,2025-02-14 14:16:07,210,-1470,12.6
605,00014523,3000512342,10,2025-02-14 14:16:07,7.0,2025-02-14 14:16:07,2025-02-14 14:16:07,210,1470,12.6
606,00014523,3000512342,10,2025-02-13 14:16:07,6.5,2025-02-13 14:16:07,2025-02-13 14:16:07,210,1365,12.6
607,00014527,3000512342,10,2025-02-17 14:16:07,11.5,2025-02-21 14:16:07,2025-02-21 14:16:07,210,2415,12.6
608,00014523,3000512342,10,2025-02-21 14:16:07,3.0,2025-02-21 14:16:07,2025-02-21 14:16:07,210,630,12.6
609,00014523,3000512342,10,2025-02-19 14:16:07,7.0,2025-02-21 14:16:07,2025-02-21 14:16:07,210,1470,12.6
610,00014523,3000512342,10,2025-02-18 14:16:07,5.0,2025-02-21 14:16:07,2025-02-21 14:16:07,210,1050,12.6
611,00014527,3000512342,10,2025-02-07 14:16:07,7.5,2025-02-07 14:16:07,2025-02-07 14:16:07,210,1575,12.6
612,00014523,3000512342,10,2025-02-07 14:16:07,7.5,2025-02-07 14:16:07,2025-02-07 14:16:07,210,1575,12.6
613,00014527,3000512342,10,2025-02-06 14:16:07,7.5,2025-02-06 14:16:07,2025-02-06 14:16:07,210,1575,12.6
614,00014527,3000512342,10,2025-02-05 14:16:07,7.5,2025-02-06 14:16:07,2025-02-06 14:16:07,210,1575,12.6
615,00014527,3000512342,10,2025-02-04 14:16:07,7.5,2025-02-06 14:16:07,2025-02-06 14:16:07,210,1575,12.6
616,00014527,3000512342,10,2025-02-03 14:16:07,7.5,2025-02-06 14:16:07,2025-02-06 14:16:07,210,1575,12.6
617,00014523,3000512342,10,2025-02-06 14:16:07,7.5,2025-02-06 14:16:07,2025-02-06 14:16:07,210,1575,12.6
618,00014523,3000512342,10,2025-02-05 14:16:07,7.5,2025-02-06 14:16:07,2025-02-06 14:16:07,210,1575,12.6
619,00014523,3000512342,10,2025-02-04 14:16:07,7.5,2025-02-06 14:16:07,2025-02-06 14:16:07,210,1575,12.6
620,00014523,3000512342,10,2025-02-03 14:16:07,7.5,2025-02-06 14:16:07,2025-02-06 14:16:07,210,1575,12.6
621,00014525,3000512342,10,2025-01-31 14:16:07,0.5,2025-02-03 14:16:07,2025-02-03 14:16:07,256,128,15.36
622,00014525,3000512342,10,2025-01-30 14:16:07,1.5,2025-02-03 14:16:07,2025-02-03 14:16:07,256,384,15.36
623,00014525,3000512342,10,2025-01-29 14:16:07,1.5,2025-02-03 14:16:07,2025-02-03 14:16:07,256,384,15.36
624,00014525,3000512342,10,2025-01-27 14:16:07,0.5,2025-02-03 14:16:07,2025-02-03 14:16:07,256,128,15.36
625,00014534,3000512342,10,2025-03-06 14:16:07,2.0,2025-03-06 14:16:07,2025-03-06 14:16:07,478,956,28.68
626,00014527,3000512342,10,2025-03-03 14:16:07,10.0,2025-03-06 14:16:07,2025-03-06 14:16:07,210,2100,12.6
627,00014527,3000512342,10,2025-03-04 14:16:07,11.0,2025-03-06 14:16:07,2025-03-06 14:16:07,210,2310,12.6
628,00014527,3000512342,10,2025-03-05 14:16:07,12.0,2025-03-06 14:16:07,2025-03-06 14:16:07,210,2520,12.6
629,00014527,3000512342,10,2025-03-06 14:16:07,6.0,2025-03-06 14:16:07,2025-03-06 14:16:07,210,1260,12.6
630,00014527,3000512342,10,2025-03-07 14:16:07,1.0,2025-03-07 14:16:07,2025-03-07 14:16:07,210,210,12.6
631,00014527,3000512342,10,2025-01-20 14:16:07,8.0,2025-01-24 14:16:07,2025-01-24 14:16:07,210,1680,12.6
632,00014527,3000512342,10,2025-01-21 14:16:07,8.0,2025-01-24 14:16:07,2025-01-24 14:16:07,210,1680,12.6
633,00014527,3000512342,10,2025-01-22 14:16:07,10.0,2025-01-24 14:16:07,2025-01-24 14:16:07,210,2100,12.6
634,00014527,3000512342,10,2025-01-23 14:16:07,7.5,2025-01-24 14:16:07,2025-01-24 14:16:07,210,1575,12.6
635,00014527,3000512342,10,2025-01-24 14:16:07,5.5,2025-01-24 14:16:07,2025-01-24 14:16:07,210,1155,12.6
636,00014533,3000512342,10,2025-01-24 14:16:07,7.5,2025-01-27 14:16:07,2025-01-27 14:16:07,288,2160,17.28
637,00014525,3000512342,10,2025-01-20 14:16:07,0.5,2025-01-27 14:16:07,2025-01-27 14:16:07,256,128,15.36
638,00014525,3000512342,10,2025-01-21 14:16:07,1.0,2025-01-27 14:16:07,2025-01-27 14:16:07,256,256,15.36
639,00014525,3000512342,10,2025-01-22 14:16:07,1.5,2025-01-27 14:16:07,2025-01-27 14:16:07,256,384,15.36
640,00014525,3000512342,10,2025-01-23 14:16:07,1.0,2025-01-27 14:16:07,2025-01-27 14:16:07,256,256,15.36
641,00014525,3000512342,10,2025-01-24 14:16:07,1.0,2025-01-27 14:16:07,2025-01-27 14:16:07,256,256,15.36
642,00014527,3000512342,10,2025-03-11 14:16:07,14.0,2025-03-14 14:16:07,2025-03-14 14:16:07,210,2940,12.6
643,00014534,3000512342,10,2025-03-13 14:16:07,2.0,2025-03-13 14:16:07,2025-03-13 14:16:07,478,956,28.68
644,00014534,3000512342,10,2025-03-12 14:16:07,1.0,2025-03-13 14:16:07,2025-03-13 14:16:07,478,478,28.68
645,00014525,3000512342,10,2025-03-04 14:16:07,0.5,2025-03-10 14:16:07,2025-03-10 14:16:07,256,128,15.36
646,00014525,3000512342,10,2025-03-03 14:16:07,0.5,2025-03-10 14:16:07,2025-03-10 14:16:07,256,128,15.36
647,00014527,3000512342,10,2025-03-10 14:16:07,9.0,2025-03-14 14:16:07,2025-03-14 14:16:07,210,1890,12.6
648,00014527,3000512342,10,2025-03-07 14:16:07,-1.0,2025-03-10 14:16:07,2025-03-10 14:16:07,210,-210,12.6
649,00014527,3000512342,10,2025-03-07 14:16:07,8.0,2025-03-10 14:16:07,2025-03-10 14:16:07,210,1680,12.6
650,00014534,3000512342,10,2025-03-05 14:16:07,2.0,2025-03-06 14:16:07,2025-03-06 14:16:07,478,956,28.68
651,00014525,3000512342,10,2025-02-26 14:16:07,1.0,2025-03-03 14:16:07,2025-03-03 14:16:07,256,256,15.36
652,00014525,3000512342,10,2025-02-27 14:16:07,1.0,2025-03-03 14:16:07,2025-03-03 14:16:07,256,256,15.36
653,00014525,3000512342,10,2025-02-28 14:16:07,0.5,2025-03-03 14:16:07,2025-03-03 14:16:07,256,128,15.36
654,00014534,3000512342,10,2025-03-03 14:16:07,2.0,2025-03-06 14:16:07,2025-03-06 14:16:07,478,956,28.68
655,00014534,3000512342,10,2025-03-04 14:16:07,2.0,2025-03-06 14:16:07,2025-03-06 14:16:07,478,956,28.68
656,00014527,3000512342,10,2025-03-12 14:16:07,12.0,2025-03-14 14:16:07,2025-03-14 14:16:07,210,2520,12.6
657,00014527,3000512342,10,2025-03-13 14:16:07,9.0,2025-03-14 14:16:07,2025-03-14 14:16:07,210,1890,12.6
658,00014527,3000512342,10,2025-03-14 14:16:07,7.5,2025-03-14 14:16:07,2025-03-14 14:16:07,210,1575,12.6
659,00014523,3000512342,10,2025-01-23 14:16:07,-7.5,2025-01-24 14:16:07,2025-01-24 14:16:07,210,-1575,12.6
660,00014523,3000512342,10,2025-01-09 14:16:07,6.0,2025-01-10 14:16:07,2025-01-10 14:16:07,210,1260,12.6
661,00014523,3000512342,10,2024-12-11 14:16:07,6.0,2024-12-13 14:16:07,2024-12-13 14:16:07,210,1260,12.6
662,00014523,3000512342,10,2024-12-12 14:16:07,6.0,2024-12-13 14:16:07,2024-12-13 14:16:07,210,1260,12.6
663,00014523,3000512342,10,2024-12-13 14:16:07,5.5,2024-12-13 14:16:07,2024-12-13 14:16:07,210,1155,12.6
664,00014523,3000512342,10,2025-01-10 14:16:07,4.0,2025-01-10 14:16:07,2025-01-10 14:16:07,210,840,12.6
665,00014527,3000512342,10,2025-01-10 14:16:07,7.5,2025-01-10 14:16:07,2025-01-10 14:16:07,210,1575,12.6
666,00014527,3000512342,10,2025-01-09 14:16:07,7.5,2025-01-10 14:16:07,2025-01-10 14:16:07,210,1575,12.6
667,00014527,3000512342,10,2025-01-08 14:16:07,7.5,2025-01-10 14:16:07,2025-01-10 14:16:07,210,1575,12.6
668,00014527,3000512342,10,2025-01-06 14:16:07,7.5,2025-01-10 14:16:07,2025-01-10 14:16:07,210,1575,12.6
669,00014527,3000512342,10,2025-01-07 14:16:07,7.5,2025-01-10 14:16:07,2025-01-10 14:16:07,210,1575,12.6
670,00014523,3000512342,10,2025-01-21 14:16:07,7.5,2025-01-24 14:16:07,2025-01-24 14:16:07,210,1575,12.6
671,00014523,3000512342,10,2025-01-20 14:16:07,6.0,2025-01-24 14:16:07,2025-01-24 14:16:07,210,1260,12.6
672,00014523,3000512342,10,2025-01-29 14:16:07,8.0,2025-01-30 14:16:07,2025-01-30 14:16:07,210,1680,12.6
673,00014523,3000512342,10,2025-01-27 14:16:07,7.5,2025-01-30 14:16:07,2025-01-30 14:16:07,210,1575,12.6
674,00014523,3000512342,10,2025-01-28 14:16:07,8.0,2025-01-30 14:16:07,2025-01-30 14:16:07,210,1680,12.6
675,00014523,3000512342,10,2025-01-30 14:16:07,8.0,2025-01-30 14:16:07,2025-01-30 14:16:07,210,1680,12.6
676,00014523,3000512342,10,2025-01-31 14:16:07,7.5,2025-01-31 14:16:07,2025-01-31 14:16:07,210,1575,12.6
677,00014523,3000512342,10,2025-01-23 14:16:07,8.0,2025-01-24 14:16:07,2025-01-24 14:16:07,210,1680,12.6
678,00014523,3000512342,10,2025-01-24 14:16:07,7.5,2025-01-24 14:16:07,2025-01-24 14:16:07,210,1575,12.6
679,00014523,3000512342,10,2025-01-23 14:16:07,7.5,2025-01-24 14:16:07,2025-01-24 14:16:07,210,1575,12.6
680,00014523,3000512342,10,2025-01-22 14:16:07,7.5,2025-01-24 14:16:07,2025-01-24 14:16:07,210,1575,12.6
681,00014523,3000512342,10,2025-01-14 14:16:07,3.5,2025-01-17 14:16:07,2025-01-17 14:16:07,210,735,12.6
682,00014523,3000512342,10,2025-01-13 14:16:07,4.0,2025-01-17 14:16:07,2025-01-17 14:16:07,210,840,12.6
683,00014527,3000512342,10,2025-01-17 14:16:07,7.5,2025-01-17 14:16:07,2025-01-17 14:16:07,210,1575,12.6
684,00014527,3000512342,10,2025-01-16 14:16:07,10.5,2025-01-17 14:16:07,2025-01-17 14:16:07,210,2205,12.6
685,00014527,3000512342,10,2025-01-15 14:16:07,10.5,2025-01-17 14:16:07,2025-01-17 14:16:07,210,2205,12.6
686,00014527,3000512342,10,2025-01-14 14:16:07,11.5,2025-01-17 14:16:07,2025-01-17 14:16:07,210,2415,12.6
687,00014527,3000512342,10,2025-01-13 14:16:07,10.0,2025-01-17 14:16:07,2025-01-17 14:16:07,210,2100,12.6
688,00014525,3000512342,10,2025-01-08 14:16:07,1.0,2025-01-20 14:16:07,2025-01-20 14:16:07,256,256,15.36
689,00014525,3000512342,10,2025-01-09 14:16:07,2.0,2025-01-20 14:16:07,2025-01-20 14:16:07,256,512,15.36
690,00014525,3000512342,10,2025-01-10 14:16:07,1.0,2025-01-20 14:16:07,2025-01-20 14:16:07,256,256,15.36
691,00014525,3000512342,10,2025-01-14 14:16:07,1.0,2025-01-20 14:16:07,2025-01-20 14:16:07,256,256,15.36
692,00014525,3000512342,10,2025-01-16 14:16:07,1.0,2025-01-20 14:16:07,2025-01-20 14:16:07,256,256,15.36
693,00014525,3000512342,10,2025-01-17 14:16:07,2.0,2025-01-20 14:16:07,2025-01-20 14:16:07,256,512,15.36
694,00014525,2002040046,10,2024-12-04 14:16:07,0.5,2025-01-27 14:16:07,2025-01-27 14:16:07,274,137,16.439999999999998
695,00014525,2002040046,10,2024-12-18 14:16:07,2.0,2024-12-20 14:16:07,2024-12-20 14:16:07,274,548,16.439999999999998
696,00014525,2002040046,10,2024-12-13 14:16:07,0.5,2024-12-19 14:16:07,2024-12-19 14:16:07,274,137,16.439999999999998
697,00014525,2002040046,10,2024-12-09 14:16:07,0.5,2024-12-19 14:16:07,2024-12-19 14:16:07,274,137,16.439999999999998
698,00014525,2002040046,10,2024-12-04 14:16:07,0.5,2024-12-19 14:16:07,2024-12-19 14:16:07,274,137,16.439999999999998
699,00014525,2002040046,10,2025-01-07 14:16:07,3.0,2025-01-22 14:16:07,2025-01-22 14:16:07,256,768,15.36
700,00014525,2002040046,10,2025-01-16 14:16:07,1.0,2025-01-22 14:16:07,2025-01-22 14:16:07,256,256,15.36
701,00014525,2002040046,10,2024-12-04 14:16:07,-0.5,2025-01-22 14:16:07,2025-01-22 14:16:07,274,-137,16.439999999999998
702,00014533,2002040046,10,2024-12-02 14:16:07,1.0,2024-12-19 14:16:07,2024-12-19 14:16:07,288,288,17.28
703,00014532,2002040046,10,2024-12-24 14:16:07,7.5,2024-12-24 14:16:07,2024-12-24 14:16:07,196,1470,11.76
704,00014532,2002040046,10,2025-01-08 14:16:07,7.5,2025-01-15 14:16:07,2025-01-15 14:16:07,196,1470,11.76
705,00014532,2002040046,10,2025-01-09 14:16:07,7.5,2025-01-15 14:16:07,2025-01-15 14:16:07,196,1470,11.76
706,00014532,2002040046,10,2025-01-10 14:16:07,7.5,2025-01-15 14:16:07,2025-01-15 14:16:07,196,1470,11.76
707,00014532,2002040046,10,2025-01-13 14:16:07,7.5,2025-01-16 14:16:07,2025-01-16 14:16:07,196,1470,11.76
708,00014532,2002040046,10,2025-01-14 14:16:07,7.5,2025-01-16 14:16:07,2025-01-16 14:16:07,196,1470,11.76
709,00014532,2002040046,10,2025-01-15 14:16:07,7.5,2025-01-16 14:16:07,2025-01-16 14:16:07,196,1470,11.76
710,00014532,2002040046,10,2025-01-16 14:16:07,7.5,2025-01-16 14:16:07,2025-01-16 14:16:07,196,1470,11.76
711,00014532,2002040046,10,2025-01-17 14:16:07,7.5,2025-01-17 14:16:07,2025-01-17 14:16:07,196,1470,11.76
712,00014532,2002040046,10,2024-12-23 14:16:07,7.5,2024-12-24 14:16:07,2024-12-24 14:16:07,196,1470,11.76
713,00014533,2002040046,10,2024-12-20 14:16:07,1.0,2024-12-20 14:16:07,2024-12-20 14:16:07,288,288,17.28
714,00014533,2002040046,10,2024-12-19 14:16:07,1.0,2024-12-20 14:16:07,2024-12-20 14:16:07,288,288,17.28
715,00014533,2002040046,10,2024-12-18 14:16:07,1.0,2024-12-20 14:16:07,2024-12-20 14:16:07,288,288,17.28
716,00014533,2002040046,10,2024-12-17 14:16:07,1.0,2024-12-20 14:16:07,2024-12-20 14:16:07,288,288,17.28
717,00014533,2002040046,10,2024-12-16 14:16:07,1.0,2024-12-20 14:16:07,2024-12-20 14:16:07,288,288,17.28
718,00014533,2002040046,10,2024-12-03 14:16:07,1.0,2024-12-19 14:16:07,2024-12-19 14:16:07,288,288,17.28
719,00014533,2002040046,10,2024-12-04 14:16:07,1.0,2024-12-19 14:16:07,2024-12-19 14:16:07,288,288,17.28
720,00014533,2002040046,10,2024-12-06 14:16:07,1.0,2024-12-19 14:16:07,2024-12-19 14:16:07,288,288,17.28
721,00014533,2002040046,10,2024-12-05 14:16:07,1.0,2024-12-19 14:16:07,2024-12-19 14:16:07,288,288,17.28
722,00014533,2002040046,10,2024-12-09 14:16:07,1.0,2024-12-19 14:16:07,2024-12-19 14:16:07,288,288,17.28
723,00014533,2002040046,10,2024-12-10 14:16:07,1.0,2024-12-19 14:16:07,2024-12-19 14:16:07,288,288,17.28
724,00014533,2002040046,10,2024-12-11 14:16:07,1.0,2024-12-19 14:16:07,2024-12-19 14:16:07,288,288,17.28
725,00014533,2002040046,10,2024-12-13 14:16:07,1.0,2024-12-19 14:16:07,2024-12-19 14:16:07,288,288,17.28
726,00014532,2002040046,10,2024-12-20 14:16:07,5.0,2024-12-20 14:16:07,2024-12-20 14:16:07,196,980,11.76
727,00014533,2002040046,10,2024-12-19 14:16:07,-1.0,2024-12-19 14:16:07,2024-12-19 14:16:07,288,-288,17.28
728,00014533,2002040046,10,2024-12-18 14:16:07,-1.0,2024-12-19 14:16:07,2024-12-19 14:16:07,288,-288,17.28
729,00014533,2002040046,10,2024-12-17 14:16:07,-1.0,2024-12-19 14:16:07,2024-12-19 14:16:07,288,-288,17.28
730,00014533,2002040046,10,2024-12-16 14:16:07,-1.0,2024-12-19 14:16:07,2024-12-19 14:16:07,288,-288,17.28
731,00014532,2002040046,10,2025-01-02 14:16:07,4.0,2025-01-02 14:16:07,2025-01-02 14:16:07,196,784,11.76
732,00014532,2002040046,10,2025-01-03 14:16:07,4.0,2025-01-03 14:16:07,2025-01-03 14:16:07,196,784,11.76
733,00014533,2002040046,10,2024-12-23 14:16:07,4.0,2025-01-07 14:16:07,2025-01-07 14:16:07,288,1152,17.28
734,00014533,2002040046,10,2024-12-24 14:16:07,4.0,2025-01-07 14:16:07,2025-01-07 14:16:07,288,1152,17.28
735,00014532,2002040046,10,2025-01-06 14:16:07,4.0,2025-01-09 14:16:07,2025-01-09 14:16:07,196,784,11.76
736,00014532,2002040046,10,2025-01-07 14:16:07,4.0,2025-01-09 14:16:07,2025-01-09 14:16:07,196,784,11.76
737,00014532,2002040046,10,2025-01-08 14:16:07,4.0,2025-01-09 14:16:07,2025-01-09 14:16:07,196,784,11.76
738,00014532,2002040046,10,2025-01-06 14:16:07,-4.0,2025-01-15 14:16:07,2025-01-15 14:16:07,196,-784,11.76
739,00014532,2002040046,10,2025-01-07 14:16:07,-4.0,2025-01-15 14:16:07,2025-01-15 14:16:07,196,-784,11.76
740,00014532,2002040046,10,2025-01-08 14:16:07,-4.0,2025-01-15 14:16:07,2025-01-15 14:16:07,196,-784,11.76
741,00014532,2002040046,10,2025-01-06 14:16:07,7.5,2025-01-15 14:16:07,2025-01-15 14:16:07,196,1470,11.76
742,00014532,2002040046,10,2024-12-02 14:16:07,3.0,2024-12-03 14:16:07,2024-12-03 14:16:07,196,588,11.76
743,00014532,2002040046,10,2024-12-03 14:16:07,3.0,2024-12-03 14:16:07,2024-12-03 14:16:07,196,588,11.76
744,00014532,2002040046,10,2024-12-10 14:16:07,5.0,2024-12-11 14:16:07,2024-12-11 14:16:07,196,980,11.76
745,00014532,2002040046,10,2024-12-11 14:16:07,5.0,2024-12-11 14:16:07,2024-12-11 14:16:07,196,980,11.76
746,00014532,2002040046,10,2024-12-12 14:16:07,8.0,2024-12-13 14:16:07,2024-12-13 14:16:07,196,1568,11.76
747,00014532,2002040046,10,2024-12-13 14:16:07,8.0,2024-12-13 14:16:07,2024-12-13 14:16:07,196,1568,11.76
748,00014532,2002040046,10,2024-12-16 14:16:07,5.0,2024-12-18 14:16:07,2024-12-18 14:16:07,196,980,11.76
749,00014532,2002040046,10,2025-01-07 14:16:07,7.5,2025-01-15 14:16:07,2025-01-15 14:16:07,196,1470,11.76
750,00014533,2002040046,10,2024-12-19 14:16:07,1.0,2024-12-19 14:16:07,2024-12-19 14:16:07,288,288,17.28
751,00014533,2002040046,10,2024-12-18 14:16:07,1.0,2024-12-19 14:16:07,2024-12-19 14:16:07,288,288,17.28
752,00014533,2002040046,10,2024-12-17 14:16:07,1.0,2024-12-19 14:16:07,2024-12-19 14:16:07,288,288,17.28
753,00014533,2002040046,10,2024-12-16 14:16:07,1.0,2024-12-19 14:16:07,2024-12-19 14:16:07,288,288,17.28
754,00014532,2002040046,10,2024-12-19 14:16:07,5.0,2024-12-19 14:16:07,2024-12-19 14:16:07,196,980,11.76
755,00014532,2002040046,10,2024-12-18 14:16:07,4.0,2024-12-18 14:16:07,2024-12-18 14:16:07,196,784,11.76
756,00014532,2002040046,10,2024-12-17 14:16:07,5.0,2024-12-18 14:16:07,2024-12-18 14:16:07,196,980,11.76
757,00014531,2002055111,10,2025-01-17 14:16:07,1.0,2025-01-17 14:16:07,2025-01-17 14:16:07,210,210,12.6
758,00014531,2002055111,10,2025-01-16 14:16:07,1.0,2025-01-17 14:16:07,2025-01-17 14:16:07,210,210,12.6
759,00014531,2002055111,10,2025-01-15 14:16:07,1.0,2025-01-17 14:16:07,2025-01-17 14:16:07,210,210,12.6
760,00014531,2002055111,10,2025-01-14 14:16:07,1.0,2025-01-17 14:16:07,2025-01-17 14:16:07,210,210,12.6
761,00014531,2002055111,10,2025-01-13 14:16:07,2.0,2025-01-17 14:16:07,2025-01-17 14:16:07,210,420,12.6
762,00014530,2002055111,10,2025-01-17 14:16:07,7.5,2025-01-17 14:16:07,2025-01-17 14:16:07,196,1470,11.76
763,00014530,2002055111,10,2025-01-16 14:16:07,7.5,2025-01-17 14:16:07,2025-01-17 14:16:07,196,1470,11.76
764,00014530,2002055111,10,2025-01-15 14:16:07,7.5,2025-01-17 14:16:07,2025-01-17 14:16:07,196,1470,11.76
765,00014530,2002055111,10,2025-01-14 14:16:07,7.5,2025-01-17 14:16:07,2025-01-17 14:16:07,196,1470,11.76
766,00014530,2002055111,10,2025-01-13 14:16:07,7.5,2025-01-17 14:16:07,2025-01-17 14:16:07,196,1470,11.76
767,00014537,2002055111,10,2025-01-17 14:16:07,7.5,2025-01-17 14:16:07,2025-01-17 14:16:07,388,2910,23.28
768,00014537,2002055111,10,2025-01-16 14:16:07,7.5,2025-01-16 14:16:07,2025-01-16 14:16:07,388,2910,23.28
769,00014525,2002055111,10,2025-01-08 14:16:07,3.0,2025-01-22 14:16:07,2025-01-22 14:16:07,256,768,15.36
770,00014525,2002055111,10,2025-01-09 14:16:07,2.0,2025-01-22 14:16:07,2025-01-22 14:16:07,256,512,15.36
771,00014525,2002055111,10,2025-01-10 14:16:07,1.0,2025-01-22 14:16:07,2025-01-22 14:16:07,256,256,15.36
772,00014531,2002055111,10,2025-01-02 14:16:07,3.0,2025-01-02 14:16:07,2025-01-02 14:16:07,210,630,12.6
773,00014531,2002055111,10,2025-01-03 14:16:07,3.0,2025-01-03 14:16:07,2025-01-03 14:16:07,210,630,12.6
774,00014537,2002055111,10,2024-12-02 14:16:07,4.0,2024-12-05 14:16:07,2024-12-05 14:16:07,388,1552,23.28
775,00014537,2002055111,10,2025-01-09 14:16:07,-2.5,2025-01-15 14:16:07,2025-01-15 14:16:07,388,-970,23.28
776,00014537,2002055111,10,2025-01-10 14:16:07,-2.5,2025-01-15 14:16:07,2025-01-15 14:16:07,388,-970,23.28
777,00014537,2002055111,10,2025-01-06 14:16:07,7.5,2025-01-15 14:16:07,2025-01-15 14:16:07,388,2910,23.28
778,00014537,2002055111,10,2025-01-07 14:16:07,7.5,2025-01-15 14:16:07,2025-01-15 14:16:07,388,2910,23.28
779,00014537,2002055111,10,2025-01-08 14:16:07,7.5,2025-01-15 14:16:07,2025-01-15 14:16:07,388,2910,23.28
780,00014537,2002055111,10,2025-01-09 14:16:07,7.5,2025-01-15 14:16:07,2025-01-15 14:16:07,388,2910,23.28
781,00014537,2002055111,10,2025-01-10 14:16:07,7.5,2025-01-15 14:16:07,2025-01-15 14:16:07,388,2910,23.28
782,00014537,2002055111,10,2025-01-13 14:16:07,7.5,2025-01-16 14:16:07,2025-01-16 14:16:07,388,2910,23.28
783,00014537,2002055111,10,2025-01-14 14:16:07,7.5,2025-01-16 14:16:07,2025-01-16 14:16:07,388,2910,23.28
784,00014537,2002055111,10,2025-01-15 14:16:07,7.5,2025-01-16 14:16:07,2025-01-16 14:16:07,388,2910,23.28
785,00014537,2002055111,10,2025-01-28 14:16:07,1.0,2025-01-30 14:16:07,2025-01-30 14:16:07,388,388,23.28
786,00014537,2002055111,10,2025-01-27 14:16:07,1.0,2025-01-30 14:16:07,2025-01-30 14:16:07,388,388,23.28
787,00014530,2002055111,10,2025-01-21 14:16:07,7.5,2025-01-29 14:16:07,2025-01-29 14:16:07,196,1470,11.76
788,00014530,2002055111,10,2025-01-22 14:16:07,-1.0,2025-01-29 14:16:07,2025-01-29 14:16:07,196,-196,11.76
789,00014530,2002055111,10,2025-01-21 14:16:07,-1.0,2025-01-29 14:16:07,2025-01-29 14:16:07,196,-196,11.76
790,00014530,2002055111,10,2025-01-21 14:16:07,1.0,2025-01-24 14:16:07,2025-01-24 14:16:07,196,196,11.76
791,00014530,2002055111,10,2025-01-22 14:16:07,1.0,2025-01-24 14:16:07,2025-01-24 14:16:07,196,196,11.76
792,00014537,2002055111,10,2025-01-20 14:16:07,1.0,2025-01-24 14:16:07,2025-01-24 14:16:07,388,388,23.28
793,00014537,2002055111,10,2025-01-21 14:16:07,1.0,2025-01-24 14:16:07,2025-01-24 14:16:07,388,388,23.28
794,00014537,2002055111,10,2025-01-22 14:16:07,1.0,2025-01-24 14:16:07,2025-01-24 14:16:07,388,388,23.28
795,00014537,2002055111,10,2025-01-23 14:16:07,1.0,2025-01-24 14:16:07,2025-01-24 14:16:07,388,388,23.28
796,00014537,2002055111,10,2025-01-24 14:16:07,1.0,2025-01-24 14:16:07,2025-01-24 14:16:07,388,388,23.28
797,00014530,2002055111,10,2025-01-06 14:16:07,7.5,2025-01-10 14:16:07,2025-01-10 14:16:07,196,1470,11.76
798,00014530,2002055111,10,2025-01-07 14:16:07,7.5,2025-01-10 14:16:07,2025-01-10 14:16:07,196,1470,11.76
799,00014530,2002055111,10,2025-01-08 14:16:07,7.5,2025-01-10 14:16:07,2025-01-10 14:16:07,196,1470,11.76
800,00014530,2002055111,10,2025-01-09 14:16:07,7.5,2025-01-10 14:16:07,2025-01-10 14:16:07,196,1470,11.76
801,00014530,2002055111,10,2025-01-10 14:16:07,7.5,2025-01-10 14:16:07,2025-01-10 14:16:07,196,1470,11.76
802,00014531,2002055111,10,2025-01-08 14:16:07,2.0,2025-01-10 14:16:07,2025-01-10 14:16:07,210,420,12.6
803,00014531,2002055111,10,2025-01-09 14:16:07,2.0,2025-01-10 14:16:07,2025-01-10 14:16:07,210,420,12.6
804,00014531,2002055111,10,2025-01-10 14:16:07,2.0,2025-01-10 14:16:07,2025-01-10 14:16:07,210,420,12.6
805,00014531,2002055111,10,2025-01-06 14:16:07,2.0,2025-01-10 14:16:07,2025-01-10 14:16:07,210,420,12.6
806,00014531,2002055111,10,2025-01-07 14:16:07,2.0,2025-01-10 14:16:07,2025-01-10 14:16:07,210,420,12.6
807,00014537,2002055111,10,2025-01-06 14:16:07,2.5,2025-01-13 14:16:07,2025-01-13 14:16:07,388,970,23.28
808,00014537,2002055111,10,2025-01-07 14:16:07,2.5,2025-01-13 14:16:07,2025-01-13 14:16:07,388,970,23.28
809,00014537,2002055111,10,2025-01-08 14:16:07,2.5,2025-01-13 14:16:07,2025-01-13 14:16:07,388,970,23.28
810,00014537,2002055111,10,2025-01-09 14:16:07,2.5,2025-01-13 14:16:07,2025-01-13 14:16:07,388,970,23.28
811,00014537,2002055111,10,2025-01-10 14:16:07,2.5,2025-01-13 14:16:07,2025-01-13 14:16:07,388,970,23.28
812,00014530,2002055111,10,2025-01-02 14:16:07,7.5,2025-01-15 14:16:07,2025-01-15 14:16:07,196,1470,11.76
813,00014530,2002055111,10,2025-01-03 14:16:07,7.5,2025-01-15 14:16:07,2025-01-15 14:16:07,196,1470,11.76
814,00014537,2002055111,10,2025-01-06 14:16:07,-2.5,2025-01-15 14:16:07,2025-01-15 14:16:07,388,-970,23.28
815,00014537,2002055111,10,2025-01-07 14:16:07,-2.5,2025-01-15 14:16:07,2025-01-15 14:16:07,388,-970,23.28
816,00014537,2002055111,10,2025-01-08 14:16:07,-2.5,2025-01-15 14:16:07,2025-01-15 14:16:07,388,-970,23.28
817,00014525,2002055111,10,2025-01-16 14:16:07,1.0,2025-01-22 14:16:07,2025-01-22 14:16:07,256,256,15.36
818,00014537,2002055111,10,2025-01-31 14:16:07,1.0,2025-01-31 14:16:07,2025-01-31 14:16:07,388,388,23.28
819,00014537,2002055111,10,2025-01-30 14:16:07,1.0,2025-01-30 14:16:07,2025-01-30 14:16:07,388,388,23.28
820,00014537,2002055111,10,2025-01-29 14:16:07,1.0,2025-01-30 14:16:07,2025-01-30 14:16:07,388,388,23.28
821,00014530,2002055111,10,2024-12-20 14:16:07,7.5,2024-12-20 14:16:07,2024-12-20 14:16:07,196,1470,11.76
822,00014537,2002055111,10,2024-12-20 14:16:07,4.0,2024-12-20 14:16:07,2024-12-20 14:16:07,388,1552,23.28
823,00014537,2002055111,10,2024-12-19 14:16:07,4.0,2024-12-19 14:16:07,2024-12-19 14:16:07,388,1552,23.28
824,00014537,2002055111,10,2024-12-18 14:16:07,4.0,2024-12-19 14:16:07,2024-12-19 14:16:07,388,1552,23.28
825,00014537,2002055111,10,2024-12-17 14:16:07,4.0,2024-12-19 14:16:07,2024-12-19 14:16:07,388,1552,23.28
826,00014537,2002055111,10,2024-12-16 14:16:07,4.0,2024-12-19 14:16:07,2024-12-19 14:16:07,388,1552,23.28
827,00014530,2002055111,10,2024-12-19 14:16:07,7.5,2024-12-19 14:16:07,2024-12-19 14:16:07,196,1470,11.76
828,00014531,2002055111,10,2024-12-18 14:16:07,2.0,2024-12-18 14:16:07,2024-12-18 14:16:07,210,420,12.6
829,00014531,2002055111,10,2024-12-17 14:16:07,2.0,2024-12-18 14:16:07,2024-12-18 14:16:07,210,420,12.6
830,00014531,2002055111,10,2024-12-16 14:16:07,2.0,2024-12-18 14:16:07,2024-12-18 14:16:07,210,420,12.6
831,00014530,2002055111,10,2024-12-18 14:16:07,7.5,2024-12-18 14:16:07,2024-12-18 14:16:07,196,1470,11.76
832,00014530,2002055111,10,2024-12-17 14:16:07,7.5,2024-12-17 14:16:07,2024-12-17 14:16:07,196,1470,11.76
833,00014531,2002055111,10,2024-12-06 14:16:07,2.0,2024-12-06 14:16:07,2024-12-06 14:16:07,210,420,12.6
834,00014531,2002055111,10,2024-12-05 14:16:07,2.0,2024-12-06 14:16:07,2024-12-06 14:16:07,210,420,12.6
835,00014531,2002055111,10,2024-12-04 14:16:07,2.0,2024-12-06 14:16:07,2024-12-06 14:16:07,210,420,12.6
836,00014530,2002055111,10,2024-12-16 14:16:07,3.0,2024-12-16 14:16:07,2024-12-16 14:16:07,196,588,11.76
837,00014531,2002055111,10,2024-12-13 14:16:07,2.0,2024-12-13 14:16:07,2024-12-13 14:16:07,210,420,12.6
838,00014531,2002055111,10,2024-12-12 14:16:07,2.0,2024-12-13 14:16:07,2024-12-13 14:16:07,210,420,12.6
839,00014531,2002055111,10,2024-12-11 14:16:07,2.0,2024-12-13 14:16:07,2024-12-13 14:16:07,210,420,12.6
840,00014531,2002055111,10,2024-12-10 14:16:07,2.0,2024-12-13 14:16:07,2024-12-13 14:16:07,210,420,12.6
841,00014531,2002055111,10,2024-12-09 14:16:07,2.0,2024-12-13 14:16:07,2024-12-13 14:16:07,210,420,12.6
842,00014537,2002055111,10,2024-12-13 14:16:07,2.0,2024-12-13 14:16:07,2024-12-13 14:16:07,388,776,23.28
843,00014537,2002055111,10,2024-12-12 14:16:07,2.0,2024-12-13 14:16:07,2024-12-13 14:16:07,388,776,23.28
844,00014537,2002055111,10,2024-12-11 14:16:07,2.0,2024-12-13 14:16:07,2024-12-13 14:16:07,388,776,23.28
845,00014537,2002055111,10,2024-12-10 14:16:07,2.0,2024-12-13 14:16:07,2024-12-13 14:16:07,388,776,23.28
846,00014537,2002055111,10,2024-12-09 14:16:07,2.0,2024-12-13 14:16:07,2024-12-13 14:16:07,388,776,23.28
847,00014530,2002055111,10,2024-12-12 14:16:07,6.0,2024-12-12 14:16:07,2024-12-12 14:16:07,196,1176,11.76
848,00014530,2002055111,10,2024-12-13 14:16:07,6.0,2024-12-13 14:16:07,2024-12-13 14:16:07,196,1176,11.76
849,00014531,2002055111,10,2024-12-24 14:16:07,3.0,2024-12-24 14:16:07,2024-12-24 14:16:07,210,630,12.6
850,00014531,2002055111,10,2024-12-23 14:16:07,3.0,2024-12-23 14:16:07,2024-12-23 14:16:07,210,630,12.6
851,00014530,2002055111,10,2024-12-09 14:16:07,6.0,2024-12-20 14:16:07,2024-12-20 14:16:07,196,1176,11.76
852,00014530,2002055111,10,2024-12-09 14:16:07,-5.0,2024-12-20 14:16:07,2024-12-20 14:16:07,196,-980,11.76
853,00014530,2002055111,10,2024-12-06 14:16:07,5.5,2024-12-09 14:16:07,2024-12-09 14:16:07,196,1078,11.76
854,00014530,2002055111,10,2024-12-09 14:16:07,5.0,2024-12-09 14:16:07,2024-12-09 14:16:07,196,980,11.76
855,00014530,2002055111,10,2024-12-06 14:16:07,-3.0,2024-12-09 14:16:07,2024-12-09 14:16:07,196,-588,11.76
856,00014530,2002055111,10,2024-12-11 14:16:07,6.0,2024-12-11 14:16:07,2024-12-11 14:16:07,196,1176,11.76
857,00014537,2002055111,10,2024-12-05 14:16:07,4.0,2024-12-05 14:16:07,2024-12-05 14:16:07,388,1552,23.28
858,00014537,2002055111,10,2024-12-04 14:16:07,4.0,2024-12-05 14:16:07,2024-12-05 14:16:07,388,1552,23.28
859,00014537,2002055111,10,2024-12-03 14:16:07,4.0,2024-12-05 14:16:07,2024-12-05 14:16:07,388,1552,23.28
860,00014531,2002055111,10,2024-12-03 14:16:07,2.0,2024-12-06 14:16:07,2024-12-06 14:16:07,210,420,12.6
861,00014531,2002055111,10,2024-12-02 14:16:07,2.0,2024-12-06 14:16:07,2024-12-06 14:16:07,210,420,12.6
862,00014530,2002055111,10,2024-12-06 14:16:07,3.0,2024-12-06 14:16:07,2024-12-06 14:16:07,196,588,11.76
863,00014530,2002055111,10,2024-12-05 14:16:07,3.5,2024-12-06 14:16:07,2024-12-06 14:16:07,196,686,11.76
864,00014530,2002055111,10,2024-12-04 14:16:07,3.5,2024-12-06 14:16:07,2024-12-06 14:16:07,196,686,11.76
865,00014530,2002055111,10,2024-12-03 14:16:07,3.5,2024-12-06 14:16:07,2024-12-06 14:16:07,196,686,11.76
866,00014530,2002055111,10,2024-12-02 14:16:07,3.5,2024-12-06 14:16:07,2024-12-06 14:16:07,196,686,11.76
867,00014537,2002055111,10,2024-12-06 14:16:07,4.0,2024-12-06 14:16:07,2024-12-06 14:16:07,388,1552,23.28
868,00014530,2002055111,10,2024-12-10 14:16:07,6.0,2024-12-10 14:16:07,2024-12-10 14:16:07,196,1176,11.76
869,00014535,2002040046,10,2025-01-09 14:16:07,2.0,2025-02-06 14:16:07,2025-02-06 14:16:07,210,420,12.6
870,00014535,2002040046,10,2025-01-08 14:16:07,2.0,2025-02-06 14:16:07,2025-02-06 14:16:07,210,420,12.6
871,00014535,2002040046,10,2025-01-07 14:16:07,2.0,2025-02-06 14:16:07,2025-02-06 14:16:07,210,420,12.6
872,00014535,2002040046,10,2025-01-06 14:16:07,2.0,2025-02-06 14:16:07,2025-02-06 14:16:07,210,420,12.6
873,00014536,2002040046,10,2025-01-31 14:16:07,7.5,2025-01-31 14:16:07,2025-01-31 14:16:07,148,1110,8.879999999999999
874,00014536,2002040046,10,2025-01-30 14:16:07,7.5,2025-01-30 14:16:07,2025-01-30 14:16:07,148,1110,8.879999999999999
875,00014536,2002040046,10,2025-01-29 14:16:07,7.5,2025-01-29 14:16:07,2025-01-29 14:16:07,148,1110,8.879999999999999
876,00014536,2002040046,10,2025-01-28 14:16:07,7.5,2025-01-28 14:16:07,2025-01-28 14:16:07,148,1110,8.879999999999999
877,00014536,2002040046,10,2025-01-27 14:16:07,7.5,2025-01-28 14:16:07,2025-01-28 14:16:07,148,1110,8.879999999999999
878,00014536,2002040046,10,2025-01-24 14:16:07,7.5,2025-01-24 14:16:07,2025-01-24 14:16:07,148,1110,8.879999999999999
879,00014536,2002040046,10,2025-01-23 14:16:07,7.5,2025-01-24 14:16:07,2025-01-24 14:16:07,148,1110,8.879999999999999
880,00014536,2002040046,10,2025-01-22 14:16:07,7.5,2025-01-24 14:16:07,2025-01-24 14:16:07,148,1110,8.879999999999999
881,00014536,2002040046,10,2025-01-21 14:16:07,7.5,2025-01-24 14:16:07,2025-01-24 14:16:07,148,1110,8.879999999999999
882,00014536,2002040046,10,2025-01-20 14:16:07,7.5,2025-01-24 14:16:07,2025-01-24 14:16:07,148,1110,8.879999999999999
883,00014536,2002040046,10,2025-01-15 14:16:07,7.5,2025-01-17 14:16:07,2025-01-17 14:16:07,148,1110,8.879999999999999
884,00014536,2002040046,10,2025-01-14 14:16:07,7.5,2025-01-17 14:16:07,2025-01-17 14:16:07,148,1110,8.879999999999999
885,00014536,2002040046,10,2025-01-13 14:16:07,7.5,2025-01-17 14:16:07,2025-01-17 14:16:07,148,1110,8.879999999999999
886,00014536,2002040046,10,2025-01-17 14:16:07,7.5,2025-01-17 14:16:07,2025-01-17 14:16:07,148,1110,8.879999999999999
887,00014536,2002040046,10,2025-01-16 14:16:07,7.5,2025-01-17 14:16:07,2025-01-17 14:16:07,148,1110,8.879999999999999
888,00014535,2002040046,10,2025-01-10 14:16:07,2.0,2025-02-06 14:16:07,2025-02-06 14:16:07,210,420,12.6
889,00014535,2002040046,10,2024-12-09 14:16:07,0.5,2024-12-13 14:16:07,2024-12-13 14:16:07,210,105,12.6
890,00014534,2002040046,10,2024-12-18 14:16:07,0.5,2024-12-19 14:16:07,2024-12-19 14:16:07,478,239,28.68
891,00014534,2002040046,10,2024-12-12 14:16:07,0.5,2024-12-13 14:16:07,2024-12-13 14:16:07,478,239,28.68
892,00014534,2002040046,10,2024-12-10 14:16:07,1.0,2024-12-13 14:16:07,2024-12-13 14:16:07,478,478,28.68
893,00014534,2002040046,10,2024-12-09 14:16:07,1.0,2024-12-13 14:16:07,2024-12-13 14:16:07,478,478,28.68
894,00014535,2002040046,10,2024-12-06 14:16:07,0.5,2024-12-06 14:16:07,2024-12-06 14:16:07,210,105,12.6
895,00014534,2002040046,10,2024-12-06 14:16:07,0.5,2024-12-06 14:16:07,2024-12-06 14:16:07,478,239,28.68
