








-- T-SQL DML INSERT statements generated from transformed CSV files
-- Generation timestamp: 2025-03-25 18:40:38

-- Use the correct database
USE [KPMG_Data_Challenge];
GO

-- Turn off count of rows affected to improve performance
SET NOCOUNT ON;

BEGIN TRY
    -- INSERT statements for clients table (1 records)
    PRINT 'Inserting data into clients table (1 records)...';
    BEGIN TRANSACTION;
    -- Batch 1/1
    INSERT INTO [dbo].[clients] ([client_no], [client_name]) VALUES
(1000017023, N'Company X'),
(1000017024, N'Company Y');
--(NULL, NULL);

    COMMIT TRANSACTION;
    PRINT 'Committed all records for clients';

    -- INSERT statements for employees table (1 records)
    PRINT 'Inserting data into employees table (1 records)...';
    BEGIN TRANSACTION;
    -- Batch 1/1
    INSERT INTO [dbo].[employees] ([personnel_no], [employee_name], [staff_level], [is_external]) VALUES
(14523, N'Alice Dupont', N'SPECIALIST/SENIOR CONSULT', 0),
(14524, N'Bastien Lefèvre', N'SPECIALIST/SENIOR CONSULT', 0),
(14525, N'Camille Moreau', N'MANAGER', 0),
(14526, N'Damien Girard', N'SENIOR MANAGER', 0),
(14529, N'Gaëlle Petit', N'SENIOR MANAGER', 0),
(14528, N'Fabien Martin', N'SENIOR MANAGER', 0),
(14534, N'Mathieu Dubois', N'SENIOR MANAGER', 0),
(14536, N'Olivier Robert', N'STAFF ACCOUNTANT/CONSULTA', 0),
(14535, N'Nina Simon', N'SPECIALIST/SENIOR CONSULT', 0),
(14532, N'Julien Thomas', N'SPECIALIST/SENIOR CONSULT', 0),
(14533, N'Léa Fournier', N'MANAGER', 0),
(14527, N'Élodie Roux', N'SPECIALIST/SENIOR CONSULT', 0),
(14537, N'Sophie Garnier', N'SENIOR MANAGER', 0),
(14530, N'Hugo Lemoine', N'SPECIALIST/SENIOR CONSULT', 0),
(14531, N'Inès Bernard', N'SPECIALIST/SENIOR CONSULT', 0);

    COMMIT TRANSACTION;
    PRINT 'Committed all records for employees';

    -- INSERT statements for engagements table (1 records)
    PRINT 'Inserting data into engagements table (1 records)...';
    BEGIN TRANSACTION;
    -- Batch 1/1
    INSERT INTO [dbo].[engagements] ([eng_no], [eng_description], [client_no]) VALUES
(2001920365, N'Neptune', 1000017023),
(2002040046, N'Terra', 1000017023),
(3000512342, N'Flora', 1000017023),
(2002059395, N'Ventus', 1000017023),
(2002055111, N'Nexus', 1000017024);

    COMMIT TRANSACTION;
    PRINT 'Committed all records for engagements';

    -- INSERT statements for phases table (1 records)
    PRINT 'Inserting data into phases table (1 records)...';
    BEGIN TRANSACTION;
    -- Batch 1/1
    INSERT INTO [dbo].[phases] ([eng_no], [eng_phase], [phase_description], [budget]) VALUES
(2001920365, 10, N'Mars', 2300000.0),
(2001920365, 20, N'Solaris', 1150000.0),
(2001920365, 30, N'Aquilon', 1250000.0),
(2001920365, 40, N'Horizon', 1350000.0),
(2002040046, 10, N'Livraison', 950000.0),
(3000512342, 10, N'Gestion', 3000000.0),
(2002059395, 10, N'Otientation', 170000.0),
(2002055111, 10, N'Admin', 2500000.0);

    COMMIT TRANSACTION;
    PRINT 'Committed all records for phases';

    -- INSERT statements for staffing table (2 records)
    PRINT 'Inserting data into staffing table (2 records)...';
    BEGIN TRANSACTION;
    -- Batch 1/2
    INSERT INTO [dbo].[staffing] ([personnel_no], [eng_no], [eng_phase], [week_start_date], [planned_hours]) VALUES
(14523, 2001920365, 10, CONVERT(DATE, '2024-12-02', 120), 10.0),
(14523, 2001920365, 10, CONVERT(DATE, '2024-12-09', 120), 10.0),
(14523, 2001920365, 10, CONVERT(DATE, '2024-12-16', 120), 10.0),
(14523, 2001920365, 10, CONVERT(DATE, '2024-12-23', 120), 10.0),
(14523, 2001920365, 10, CONVERT(DATE, '2024-12-30', 120), 10.0),
(14524, 2001920365, 10, CONVERT(DATE, '2024-12-02', 120), 40.0),
(14524, 2001920365, 10, CONVERT(DATE, '2024-12-09', 120), 40.0),
(14524, 2001920365, 10, CONVERT(DATE, '2024-12-16', 120), 40.0),
(14524, 2001920365, 10, CONVERT(DATE, '2024-12-23', 120), 40.0),
(14524, 2001920365, 10, CONVERT(DATE, '2024-12-30', 120), 40.0),
(14525, 2001920365, 10, CONVERT(DATE, '2024-12-09', 120), 16.0),
(14525, 2001920365, 10, CONVERT(DATE, '2024-12-16', 120), 16.0),
(14525, 2001920365, 10, CONVERT(DATE, '2024-12-23', 120), 16.0),
(14525, 2001920365, 10, CONVERT(DATE, '2024-12-30', 120), 16.0),
(14526, 2001920365, 10, CONVERT(DATE, '2024-12-02', 120), 40.0),
(14526, 2001920365, 10, CONVERT(DATE, '2024-12-09', 120), 40.0),
(14526, 2001920365, 10, CONVERT(DATE, '2024-12-16', 120), 40.0),
(14526, 2001920365, 10, CONVERT(DATE, '2024-12-23', 120), 40.0),
(14526, 2001920365, 10, CONVERT(DATE, '2024-12-30', 120), 40.0),
(14528, 2001920365, 20, CONVERT(DATE, '2024-12-02', 120), 40.0),
(14528, 2001920365, 20, CONVERT(DATE, '2024-12-09', 120), 40.0),
(14528, 2001920365, 20, CONVERT(DATE, '2024-12-16', 120), 40.0),
(14528, 2001920365, 20, CONVERT(DATE, '2024-12-23', 120), 40.0),
(14528, 2001920365, 20, CONVERT(DATE, '2024-12-30', 120), 40.0),
(14529, 2001920365, 30, CONVERT(DATE, '2024-12-02', 120), 40.0),
(14529, 2001920365, 30, CONVERT(DATE, '2024-12-09', 120), 40.0),
(14529, 2001920365, 30, CONVERT(DATE, '2024-12-16', 120), 40.0),
(14529, 2001920365, 30, CONVERT(DATE, '2024-12-23', 120), 40.0),
(14529, 2001920365, 30, CONVERT(DATE, '2024-12-30', 120), 40.0),
(14534, 2001920365, 40, CONVERT(DATE, '2024-12-02', 120), 24.0),
(14534, 2001920365, 40, CONVERT(DATE, '2024-12-09', 120), 24.0),
(14534, 2001920365, 40, CONVERT(DATE, '2024-12-16', 120), 24.0),
(14534, 2001920365, 40, CONVERT(DATE, '2024-12-23', 120), 24.0),
(14534, 2001920365, 40, CONVERT(DATE, '2024-12-30', 120), 24.0),
(14525, 2001920365, 40, CONVERT(DATE, '2024-12-09', 120), 10.0),
(14525, 2001920365, 40, CONVERT(DATE, '2024-12-16', 120), 10.0),
(14525, 2001920365, 40, CONVERT(DATE, '2024-12-23', 120), 10.0),
(14525, 2001920365, 40, CONVERT(DATE, '2024-12-30', 120), 10.0),
(14536, 2001920365, 40, CONVERT(DATE, '2024-12-02', 120), 4.0),
(14536, 2001920365, 40, CONVERT(DATE, '2024-12-09', 120), 4.0),
(14536, 2001920365, 40, CONVERT(DATE, '2024-12-16', 120), 4.0),
(14536, 2001920365, 40, CONVERT(DATE, '2024-12-23', 120), 4.0),
(14536, 2001920365, 40, CONVERT(DATE, '2024-12-30', 120), 4.0),
(14525, 2002040046, 10, CONVERT(DATE, '2024-12-09', 120), 4.0),
(14525, 2002040046, 10, CONVERT(DATE, '2024-12-16', 120), 4.0),
(14525, 2002040046, 10, CONVERT(DATE, '2024-12-23', 120), 4.0),
(14525, 2002040046, 10, CONVERT(DATE, '2024-12-30', 120), 4.0),
(14532, 2002040046, 10, CONVERT(DATE, '2024-12-02', 120), 40.0),
(14532, 2002040046, 10, CONVERT(DATE, '2024-12-09', 120), 40.0),
(14532, 2002040046, 10, CONVERT(DATE, '2024-12-16', 120), 40.0),
(14532, 2002040046, 10, CONVERT(DATE, '2024-12-23', 120), 40.0),
(14532, 2002040046, 10, CONVERT(DATE, '2024-12-30', 120), 40.0),
(14533, 2002040046, 10, CONVERT(DATE, '2024-12-02', 120), 40.0),
(14533, 2002040046, 10, CONVERT(DATE, '2024-12-09', 120), 40.0),
(14533, 2002040046, 10, CONVERT(DATE, '2024-12-16', 120), 40.0),
(14533, 2002040046, 10, CONVERT(DATE, '2024-12-23', 120), 40.0),
(14533, 2002040046, 10, CONVERT(DATE, '2024-12-30', 120), 40.0),
(14534, 2002040046, 10, CONVERT(DATE, '2024-12-02', 120), 4.0),
(14534, 2002040046, 10, CONVERT(DATE, '2024-12-09', 120), 4.0),
(14534, 2002040046, 10, CONVERT(DATE, '2024-12-16', 120), 4.0),
(14534, 2002040046, 10, CONVERT(DATE, '2024-12-23', 120), 4.0),
(14534, 2002040046, 10, CONVERT(DATE, '2024-12-30', 120), 4.0),
(14523, 3000512342, 10, CONVERT(DATE, '2024-12-02', 120), 30.0),
(14523, 3000512342, 10, CONVERT(DATE, '2024-12-09', 120), 30.0),
(14523, 3000512342, 10, CONVERT(DATE, '2024-12-16', 120), 30.0),
(14523, 3000512342, 10, CONVERT(DATE, '2024-12-23', 120), 30.0),
(14523, 3000512342, 10, CONVERT(DATE, '2024-12-30', 120), 30.0),
(14525, 3000512342, 10, CONVERT(DATE, '2024-12-09', 120), 10.0),
(14525, 3000512342, 10, CONVERT(DATE, '2024-12-16', 120), 10.0),
(14525, 3000512342, 10, CONVERT(DATE, '2024-12-23', 120), 10.0),
(14525, 3000512342, 10, CONVERT(DATE, '2024-12-30', 120), 10.0),
(14527, 3000512342, 10, CONVERT(DATE, '2024-12-02', 120), 40.0),
(14527, 3000512342, 10, CONVERT(DATE, '2024-12-09', 120), 40.0),
(14527, 3000512342, 10, CONVERT(DATE, '2024-12-16', 120), 40.0),
(14527, 3000512342, 10, CONVERT(DATE, '2024-12-23', 120), 40.0),
(14527, 3000512342, 10, CONVERT(DATE, '2024-12-30', 120), 40.0),
(14534, 2002059395, 10, CONVERT(DATE, '2024-12-02', 120), 12.0),
(14534, 2002059395, 10, CONVERT(DATE, '2024-12-09', 120), 12.0),
(14534, 2002059395, 10, CONVERT(DATE, '2024-12-16', 120), 12.0),
(14534, 2002059395, 10, CONVERT(DATE, '2024-12-23', 120), 12.0),
(14534, 2002059395, 10, CONVERT(DATE, '2024-12-30', 120), 12.0),
(14535, 2002059395, 10, CONVERT(DATE, '2024-12-02', 120), 40.0),
(14535, 2002059395, 10, CONVERT(DATE, '2024-12-09', 120), 40.0),
(14535, 2002059395, 10, CONVERT(DATE, '2024-12-16', 120), 40.0),
(14535, 2002059395, 10, CONVERT(DATE, '2024-12-23', 120), 40.0),
(14535, 2002059395, 10, CONVERT(DATE, '2024-12-30', 120), 40.0),
(14536, 2002059395, 10, CONVERT(DATE, '2024-12-02', 120), 36.0),
(14536, 2002059395, 10, CONVERT(DATE, '2024-12-09', 120), 36.0),
(14536, 2002059395, 10, CONVERT(DATE, '2024-12-16', 120), 36.0),
(14536, 2002059395, 10, CONVERT(DATE, '2024-12-23', 120), 36.0),
(14536, 2002059395, 10, CONVERT(DATE, '2024-12-30', 120), 36.0),
(14537, 2002059395, 10, CONVERT(DATE, '2024-12-02', 120), 16.0),
(14537, 2002059395, 10, CONVERT(DATE, '2024-12-09', 120), 16.0),
(14537, 2002059395, 10, CONVERT(DATE, '2024-12-16', 120), 16.0),
(14537, 2002059395, 10, CONVERT(DATE, '2024-12-23', 120), 16.0),
(14537, 2002059395, 10, CONVERT(DATE, '2024-12-30', 120), 16.0),
(14530, 2002055111, 10, CONVERT(DATE, '2024-12-02', 120), 40.0),
(14530, 2002055111, 10, CONVERT(DATE, '2024-12-09', 120), 40.0),
(14530, 2002055111, 10, CONVERT(DATE, '2024-12-16', 120), 40.0),
(14530, 2002055111, 10, CONVERT(DATE, '2024-12-23', 120), 40.0),
(14530, 2002055111, 10, CONVERT(DATE, '2024-12-30', 120), 40.0),
(14531, 2002055111, 10, CONVERT(DATE, '2024-12-02', 120), 40.0),
(14531, 2002055111, 10, CONVERT(DATE, '2024-12-09', 120), 40.0),
(14531, 2002055111, 10, CONVERT(DATE, '2024-12-16', 120), 40.0),
(14531, 2002055111, 10, CONVERT(DATE, '2024-12-23', 120), 40.0),
(14531, 2002055111, 10, CONVERT(DATE, '2024-12-30', 120), 40.0),
(14537, 2002055111, 10, CONVERT(DATE, '2024-12-02', 120), 24.0),
(14537, 2002055111, 10, CONVERT(DATE, '2024-12-09', 120), 24.0),
(14537, 2002055111, 10, CONVERT(DATE, '2024-12-16', 120), 24.0),
(14537, 2002055111, 10, CONVERT(DATE, '2024-12-23', 120), 24.0),
(14537, 2002055111, 10, CONVERT(DATE, '2024-12-30', 120), 24.0),
(14523, 2001920365, 10, CONVERT(DATE, '2025-01-06', 120), 4.0),
(14523, 2001920365, 10, CONVERT(DATE, '2025-01-13', 120), 4.0),
(14523, 2001920365, 10, CONVERT(DATE, '2025-01-20', 120), 4.0),
(14523, 2001920365, 10, CONVERT(DATE, '2025-01-27', 120), 4.0),
(14523, 2001920365, 10, CONVERT(DATE, '2025-02-03', 120), 4.0),
(14523, 2001920365, 10, CONVERT(DATE, '2025-02-10', 120), 4.0),
(14523, 2001920365, 10, CONVERT(DATE, '2025-02-17', 120), 4.0),
(14523, 2001920365, 10, CONVERT(DATE, '2025-02-24', 120), 4.0),
(14523, 2001920365, 10, CONVERT(DATE, '2025-03-03', 120), 4.0),
(14523, 2001920365, 10, CONVERT(DATE, '2025-03-10', 120), 4.0),
(14523, 2001920365, 10, CONVERT(DATE, '2025-03-17', 120), 4.0),
(14523, 2001920365, 10, CONVERT(DATE, '2025-03-24', 120), 4.0),
(14523, 2001920365, 10, CONVERT(DATE, '2025-03-31', 120), 4.0),
(14523, 2001920365, 10, CONVERT(DATE, '2025-04-07', 120), 4.0),
(14523, 2001920365, 10, CONVERT(DATE, '2025-04-14', 120), 4.0),
(14523, 2001920365, 10, CONVERT(DATE, '2025-04-21', 120), 4.0),
(14523, 2001920365, 10, CONVERT(DATE, '2025-04-28', 120), 4.0),
(14523, 2001920365, 10, CONVERT(DATE, '2025-05-05', 120), 4.0),
(14523, 2001920365, 10, CONVERT(DATE, '2025-05-12', 120), 4.0),
(14523, 2001920365, 10, CONVERT(DATE, '2025-05-19', 120), 4.0),
(14523, 2001920365, 10, CONVERT(DATE, '2025-05-26', 120), 4.0),
(14523, 2001920365, 10, CONVERT(DATE, '2025-06-02', 120), 4.0),
(14523, 2001920365, 10, CONVERT(DATE, '2025-06-09', 120), 4.0),
(14523, 2001920365, 10, CONVERT(DATE, '2025-06-16', 120), 4.0),
(14523, 2001920365, 10, CONVERT(DATE, '2025-06-23', 120), 4.0),
(14523, 2001920365, 10, CONVERT(DATE, '2025-06-30', 120), 4.0),
(14523, 2001920365, 10, CONVERT(DATE, '2025-07-07', 120), 4.0),
(14523, 2001920365, 10, CONVERT(DATE, '2025-07-14', 120), 4.0),
(14523, 2001920365, 10, CONVERT(DATE, '2025-07-21', 120), 4.0),
(14523, 2001920365, 10, CONVERT(DATE, '2025-07-28', 120), 4.0),
(14523, 2001920365, 10, CONVERT(DATE, '2025-08-04', 120), 4.0),
(14523, 2001920365, 10, CONVERT(DATE, '2025-08-11', 120), 4.0),
(14523, 2001920365, 10, CONVERT(DATE, '2025-08-18', 120), 4.0),
(14523, 2001920365, 10, CONVERT(DATE, '2025-08-25', 120), 4.0),
(14523, 2001920365, 10, CONVERT(DATE, '2025-09-01', 120), 4.0),
(14523, 2001920365, 10, CONVERT(DATE, '2025-09-08', 120), 4.0),
(14523, 2001920365, 10, CONVERT(DATE, '2025-09-15', 120), 4.0),
(14523, 2001920365, 10, CONVERT(DATE, '2025-09-22', 120), 4.0),
(14523, 2001920365, 10, CONVERT(DATE, '2025-09-29', 120), 4.0),
(14523, 2001920365, 10, CONVERT(DATE, '2025-10-06', 120), 4.0),
(14523, 2001920365, 10, CONVERT(DATE, '2025-10-13', 120), 4.0),
(14523, 2001920365, 10, CONVERT(DATE, '2025-10-20', 120), 4.0),
(14523, 2001920365, 10, CONVERT(DATE, '2025-10-27', 120), 4.0),
(14523, 2001920365, 10, CONVERT(DATE, '2025-11-03', 120), 4.0),
(14523, 2001920365, 10, CONVERT(DATE, '2025-11-10', 120), 4.0),
(14523, 2001920365, 10, CONVERT(DATE, '2025-11-17', 120), 4.0),
(14523, 2001920365, 10, CONVERT(DATE, '2025-11-24', 120), 4.0),
(14523, 2001920365, 10, CONVERT(DATE, '2025-12-01', 120), 4.0),
(14523, 2001920365, 10, CONVERT(DATE, '2025-12-08', 120), 4.0),
(14523, 2001920365, 10, CONVERT(DATE, '2025-12-15', 120), 4.0),
(14523, 2001920365, 10, CONVERT(DATE, '2025-12-22', 120), 4.0),
(14523, 2001920365, 10, CONVERT(DATE, '2025-12-29', 120), 4.0),
(14524, 2001920365, 10, CONVERT(DATE, '2025-01-06', 120), 40.0),
(14524, 2001920365, 10, CONVERT(DATE, '2025-01-13', 120), 40.0),
(14524, 2001920365, 10, CONVERT(DATE, '2025-01-20', 120), 40.0),
(14524, 2001920365, 10, CONVERT(DATE, '2025-01-27', 120), 40.0),
(14524, 2001920365, 10, CONVERT(DATE, '2025-02-03', 120), 40.0),
(14524, 2001920365, 10, CONVERT(DATE, '2025-02-10', 120), 40.0),
(14524, 2001920365, 10, CONVERT(DATE, '2025-02-17', 120), 40.0),
(14524, 2001920365, 10, CONVERT(DATE, '2025-02-24', 120), 40.0),
(14524, 2001920365, 10, CONVERT(DATE, '2025-03-03', 120), 40.0),
(14524, 2001920365, 10, CONVERT(DATE, '2025-03-10', 120), 40.0),
(14524, 2001920365, 10, CONVERT(DATE, '2025-03-17', 120), 40.0),
(14524, 2001920365, 10, CONVERT(DATE, '2025-03-24', 120), 40.0),
(14524, 2001920365, 10, CONVERT(DATE, '2025-03-31', 120), 40.0),
(14524, 2001920365, 10, CONVERT(DATE, '2025-04-07', 120), 40.0),
(14524, 2001920365, 10, CONVERT(DATE, '2025-04-14', 120), 40.0),
(14524, 2001920365, 10, CONVERT(DATE, '2025-04-21', 120), 40.0),
(14524, 2001920365, 10, CONVERT(DATE, '2025-04-28', 120), 40.0),
(14524, 2001920365, 10, CONVERT(DATE, '2025-05-05', 120), 40.0),
(14524, 2001920365, 10, CONVERT(DATE, '2025-05-12', 120), 40.0),
(14524, 2001920365, 10, CONVERT(DATE, '2025-05-19', 120), 40.0),
(14524, 2001920365, 10, CONVERT(DATE, '2025-05-26', 120), 40.0),
(14524, 2001920365, 10, CONVERT(DATE, '2025-06-02', 120), 40.0),
(14524, 2001920365, 10, CONVERT(DATE, '2025-06-09', 120), 40.0),
(14524, 2001920365, 10, CONVERT(DATE, '2025-06-16', 120), 40.0),
(14524, 2001920365, 10, CONVERT(DATE, '2025-06-23', 120), 40.0),
(14524, 2001920365, 10, CONVERT(DATE, '2025-06-30', 120), 40.0),
(14524, 2001920365, 10, CONVERT(DATE, '2025-07-07', 120), 40.0),
(14524, 2001920365, 10, CONVERT(DATE, '2025-07-14', 120), 40.0),
(14524, 2001920365, 10, CONVERT(DATE, '2025-07-21', 120), 40.0),
(14524, 2001920365, 10, CONVERT(DATE, '2025-07-28', 120), 40.0),
(14524, 2001920365, 10, CONVERT(DATE, '2025-08-04', 120), 40.0),
(14524, 2001920365, 10, CONVERT(DATE, '2025-08-11', 120), 40.0),
(14524, 2001920365, 10, CONVERT(DATE, '2025-08-18', 120), 40.0),
(14524, 2001920365, 10, CONVERT(DATE, '2025-08-25', 120), 40.0),
(14524, 2001920365, 10, CONVERT(DATE, '2025-09-01', 120), 40.0),
(14524, 2001920365, 10, CONVERT(DATE, '2025-09-08', 120), 40.0),
(14524, 2001920365, 10, CONVERT(DATE, '2025-09-15', 120), 40.0),
(14524, 2001920365, 10, CONVERT(DATE, '2025-09-22', 120), 40.0),
(14524, 2001920365, 10, CONVERT(DATE, '2025-09-29', 120), 40.0),
(14524, 2001920365, 10, CONVERT(DATE, '2025-10-06', 120), 40.0),
(14524, 2001920365, 10, CONVERT(DATE, '2025-10-13', 120), 40.0),
(14524, 2001920365, 10, CONVERT(DATE, '2025-10-20', 120), 40.0),
(14524, 2001920365, 10, CONVERT(DATE, '2025-10-27', 120), 40.0),
(14524, 2001920365, 10, CONVERT(DATE, '2025-11-03', 120), 40.0),
(14524, 2001920365, 10, CONVERT(DATE, '2025-11-10', 120), 40.0),
(14524, 2001920365, 10, CONVERT(DATE, '2025-11-17', 120), 40.0),
(14524, 2001920365, 10, CONVERT(DATE, '2025-11-24', 120), 40.0),
(14524, 2001920365, 10, CONVERT(DATE, '2025-12-01', 120), 40.0),
(14524, 2001920365, 10, CONVERT(DATE, '2025-12-08', 120), 40.0),
(14524, 2001920365, 10, CONVERT(DATE, '2025-12-15', 120), 40.0),
(14524, 2001920365, 10, CONVERT(DATE, '2025-12-22', 120), 40.0),
(14524, 2001920365, 10, CONVERT(DATE, '2025-12-29', 120), 40.0),
(14525, 2001920365, 10, CONVERT(DATE, '2025-01-06', 120), 16.0),
(14525, 2001920365, 10, CONVERT(DATE, '2025-01-13', 120), 16.0),
(14525, 2001920365, 10, CONVERT(DATE, '2025-01-20', 120), 16.0),
(14525, 2001920365, 10, CONVERT(DATE, '2025-01-27', 120), 16.0),
(14525, 2001920365, 10, CONVERT(DATE, '2025-02-03', 120), 10.0),
(14525, 2001920365, 10, CONVERT(DATE, '2025-02-10', 120), 10.0),
(14525, 2001920365, 10, CONVERT(DATE, '2025-02-17', 120), 10.0),
(14525, 2001920365, 10, CONVERT(DATE, '2025-02-24', 120), 10.0),
(14525, 2001920365, 10, CONVERT(DATE, '2025-03-03', 120), 10.0),
(14525, 2001920365, 10, CONVERT(DATE, '2025-03-10', 120), 10.0),
(14525, 2001920365, 10, CONVERT(DATE, '2025-03-17', 120), 10.0),
(14525, 2001920365, 10, CONVERT(DATE, '2025-03-24', 120), 10.0),
(14525, 2001920365, 10, CONVERT(DATE, '2025-03-31', 120), 10.0),
(14525, 2001920365, 10, CONVERT(DATE, '2025-04-07', 120), 10.0),
(14525, 2001920365, 10, CONVERT(DATE, '2025-04-14', 120), 10.0),
(14525, 2001920365, 10, CONVERT(DATE, '2025-04-21', 120), 10.0),
(14525, 2001920365, 10, CONVERT(DATE, '2025-04-28', 120), 10.0),
(14525, 2001920365, 10, CONVERT(DATE, '2025-05-05', 120), 10.0),
(14525, 2001920365, 10, CONVERT(DATE, '2025-05-12', 120), 10.0),
(14525, 2001920365, 10, CONVERT(DATE, '2025-05-19', 120), 10.0),
(14525, 2001920365, 10, CONVERT(DATE, '2025-05-26', 120), 10.0),
(14525, 2001920365, 10, CONVERT(DATE, '2025-06-02', 120), 10.0),
(14525, 2001920365, 10, CONVERT(DATE, '2025-06-09', 120), 10.0),
(14525, 2001920365, 10, CONVERT(DATE, '2025-06-16', 120), 10.0),
(14525, 2001920365, 10, CONVERT(DATE, '2025-06-23', 120), 10.0),
(14525, 2001920365, 10, CONVERT(DATE, '2025-06-30', 120), 10.0),
(14525, 2001920365, 10, CONVERT(DATE, '2025-07-07', 120), 10.0),
(14525, 2001920365, 10, CONVERT(DATE, '2025-07-14', 120), 10.0),
(14525, 2001920365, 10, CONVERT(DATE, '2025-07-21', 120), 10.0),
(14525, 2001920365, 10, CONVERT(DATE, '2025-07-28', 120), 10.0),
(14525, 2001920365, 10, CONVERT(DATE, '2025-08-04', 120), 10.0),
(14525, 2001920365, 10, CONVERT(DATE, '2025-08-11', 120), 10.0),
(14525, 2001920365, 10, CONVERT(DATE, '2025-08-18', 120), 10.0),
(14525, 2001920365, 10, CONVERT(DATE, '2025-08-25', 120), 10.0),
(14525, 2001920365, 10, CONVERT(DATE, '2025-09-01', 120), 10.0),
(14525, 2001920365, 10, CONVERT(DATE, '2025-09-08', 120), 10.0),
(14525, 2001920365, 10, CONVERT(DATE, '2025-09-15', 120), 10.0),
(14525, 2001920365, 10, CONVERT(DATE, '2025-09-22', 120), 10.0),
(14525, 2001920365, 10, CONVERT(DATE, '2025-09-29', 120), 10.0),
(14525, 2001920365, 10, CONVERT(DATE, '2025-10-06', 120), 10.0),
(14525, 2001920365, 10, CONVERT(DATE, '2025-10-13', 120), 10.0),
(14525, 2001920365, 10, CONVERT(DATE, '2025-10-20', 120), 10.0),
(14525, 2001920365, 10, CONVERT(DATE, '2025-10-27', 120), 10.0),
(14525, 2001920365, 10, CONVERT(DATE, '2025-11-03', 120), 10.0),
(14525, 2001920365, 10, CONVERT(DATE, '2025-11-10', 120), 10.0),
(14525, 2001920365, 10, CONVERT(DATE, '2025-11-17', 120), 10.0),
(14525, 2001920365, 10, CONVERT(DATE, '2025-11-24', 120), 10.0),
(14525, 2001920365, 10, CONVERT(DATE, '2025-12-01', 120), 10.0),
(14525, 2001920365, 10, CONVERT(DATE, '2025-12-08', 120), 10.0),
(14525, 2001920365, 10, CONVERT(DATE, '2025-12-15', 120), 10.0),
(14525, 2001920365, 10, CONVERT(DATE, '2025-12-22', 120), 10.0),
(14525, 2001920365, 10, CONVERT(DATE, '2025-12-29', 120), 10.0),
(14526, 2001920365, 10, CONVERT(DATE, '2025-01-06', 120), 40.0),
(14526, 2001920365, 10, CONVERT(DATE, '2025-01-13', 120), 40.0),
(14526, 2001920365, 10, CONVERT(DATE, '2025-01-20', 120), 40.0),
(14526, 2001920365, 10, CONVERT(DATE, '2025-01-27', 120), 40.0),
(14526, 2001920365, 10, CONVERT(DATE, '2025-02-03', 120), 40.0),
(14526, 2001920365, 10, CONVERT(DATE, '2025-02-10', 120), 40.0),
(14526, 2001920365, 10, CONVERT(DATE, '2025-02-17', 120), 40.0),
(14526, 2001920365, 10, CONVERT(DATE, '2025-02-24', 120), 40.0),
(14526, 2001920365, 10, CONVERT(DATE, '2025-03-03', 120), 40.0),
(14526, 2001920365, 10, CONVERT(DATE, '2025-03-10', 120), 40.0),
(14526, 2001920365, 10, CONVERT(DATE, '2025-03-17', 120), 40.0),
(14526, 2001920365, 10, CONVERT(DATE, '2025-03-24', 120), 40.0),
(14526, 2001920365, 10, CONVERT(DATE, '2025-03-31', 120), 40.0),
(14526, 2001920365, 10, CONVERT(DATE, '2025-04-07', 120), 40.0),
(14526, 2001920365, 10, CONVERT(DATE, '2025-04-14', 120), 40.0),
(14526, 2001920365, 10, CONVERT(DATE, '2025-04-21', 120), 40.0),
(14526, 2001920365, 10, CONVERT(DATE, '2025-04-28', 120), 40.0),
(14526, 2001920365, 10, CONVERT(DATE, '2025-05-05', 120), 40.0),
(14526, 2001920365, 10, CONVERT(DATE, '2025-05-12', 120), 40.0),
(14526, 2001920365, 10, CONVERT(DATE, '2025-05-19', 120), 40.0),
(14526, 2001920365, 10, CONVERT(DATE, '2025-05-26', 120), 40.0),
(14526, 2001920365, 10, CONVERT(DATE, '2025-06-02', 120), 40.0),
(14526, 2001920365, 10, CONVERT(DATE, '2025-06-09', 120), 40.0),
(14526, 2001920365, 10, CONVERT(DATE, '2025-06-16', 120), 40.0),
(14526, 2001920365, 10, CONVERT(DATE, '2025-06-23', 120), 40.0),
(14526, 2001920365, 10, CONVERT(DATE, '2025-06-30', 120), 40.0),
(14526, 2001920365, 10, CONVERT(DATE, '2025-07-07', 120), 40.0),
(14526, 2001920365, 10, CONVERT(DATE, '2025-07-14', 120), 40.0),
(14526, 2001920365, 10, CONVERT(DATE, '2025-07-21', 120), 40.0),
(14526, 2001920365, 10, CONVERT(DATE, '2025-07-28', 120), 40.0),
(14526, 2001920365, 10, CONVERT(DATE, '2025-08-04', 120), 40.0),
(14526, 2001920365, 10, CONVERT(DATE, '2025-08-11', 120), 40.0),
(14526, 2001920365, 10, CONVERT(DATE, '2025-08-18', 120), 40.0),
(14526, 2001920365, 10, CONVERT(DATE, '2025-08-25', 120), 40.0),
(14526, 2001920365, 10, CONVERT(DATE, '2025-09-01', 120), 40.0),
(14526, 2001920365, 10, CONVERT(DATE, '2025-09-08', 120), 40.0),
(14526, 2001920365, 10, CONVERT(DATE, '2025-09-15', 120), 40.0),
(14526, 2001920365, 10, CONVERT(DATE, '2025-09-22', 120), 40.0),
(14526, 2001920365, 10, CONVERT(DATE, '2025-09-29', 120), 40.0),
(14526, 2001920365, 10, CONVERT(DATE, '2025-10-06', 120), 40.0),
(14526, 2001920365, 10, CONVERT(DATE, '2025-10-13', 120), 40.0),
(14526, 2001920365, 10, CONVERT(DATE, '2025-10-20', 120), 40.0),
(14526, 2001920365, 10, CONVERT(DATE, '2025-10-27', 120), 40.0),
(14526, 2001920365, 10, CONVERT(DATE, '2025-11-03', 120), 40.0),
(14526, 2001920365, 10, CONVERT(DATE, '2025-11-10', 120), 40.0),
(14526, 2001920365, 10, CONVERT(DATE, '2025-11-17', 120), 40.0),
(14526, 2001920365, 10, CONVERT(DATE, '2025-11-24', 120), 40.0),
(14526, 2001920365, 10, CONVERT(DATE, '2025-12-01', 120), 40.0),
(14526, 2001920365, 10, CONVERT(DATE, '2025-12-08', 120), 40.0),
(14526, 2001920365, 10, CONVERT(DATE, '2025-12-15', 120), 40.0),
(14526, 2001920365, 10, CONVERT(DATE, '2025-12-22', 120), 40.0),
(14526, 2001920365, 10, CONVERT(DATE, '2025-12-29', 120), 40.0),
(14528, 2001920365, 20, CONVERT(DATE, '2025-01-06', 120), 40.0),
(14528, 2001920365, 20, CONVERT(DATE, '2025-01-13', 120), 40.0),
(14528, 2001920365, 20, CONVERT(DATE, '2025-01-20', 120), 40.0),
(14528, 2001920365, 20, CONVERT(DATE, '2025-01-27', 120), 40.0),
(14528, 2001920365, 20, CONVERT(DATE, '2025-02-03', 120), 40.0),
(14528, 2001920365, 20, CONVERT(DATE, '2025-02-10', 120), 40.0),
(14528, 2001920365, 20, CONVERT(DATE, '2025-02-17', 120), 40.0),
(14528, 2001920365, 20, CONVERT(DATE, '2025-02-24', 120), 40.0),
(14528, 2001920365, 20, CONVERT(DATE, '2025-03-03', 120), 40.0),
(14528, 2001920365, 20, CONVERT(DATE, '2025-03-10', 120), 40.0),
(14528, 2001920365, 20, CONVERT(DATE, '2025-03-17', 120), 40.0),
(14528, 2001920365, 20, CONVERT(DATE, '2025-03-24', 120), 40.0),
(14528, 2001920365, 20, CONVERT(DATE, '2025-03-31', 120), 40.0),
(14528, 2001920365, 20, CONVERT(DATE, '2025-04-07', 120), 40.0),
(14528, 2001920365, 20, CONVERT(DATE, '2025-04-14', 120), 40.0),
(14528, 2001920365, 20, CONVERT(DATE, '2025-04-21', 120), 40.0),
(14528, 2001920365, 20, CONVERT(DATE, '2025-04-28', 120), 40.0),
(14528, 2001920365, 20, CONVERT(DATE, '2025-05-05', 120), 40.0),
(14528, 2001920365, 20, CONVERT(DATE, '2025-05-12', 120), 40.0),
(14528, 2001920365, 20, CONVERT(DATE, '2025-05-19', 120), 40.0),
(14528, 2001920365, 20, CONVERT(DATE, '2025-05-26', 120), 40.0),
(14528, 2001920365, 20, CONVERT(DATE, '2025-06-02', 120), 40.0),
(14528, 2001920365, 20, CONVERT(DATE, '2025-06-09', 120), 40.0),
(14528, 2001920365, 20, CONVERT(DATE, '2025-06-16', 120), 40.0),
(14528, 2001920365, 20, CONVERT(DATE, '2025-06-23', 120), 40.0),
(14528, 2001920365, 20, CONVERT(DATE, '2025-06-30', 120), 40.0),
(14528, 2001920365, 20, CONVERT(DATE, '2025-07-07', 120), 40.0),
(14528, 2001920365, 20, CONVERT(DATE, '2025-07-14', 120), 40.0),
(14528, 2001920365, 20, CONVERT(DATE, '2025-07-21', 120), 40.0),
(14528, 2001920365, 20, CONVERT(DATE, '2025-07-28', 120), 40.0),
(14528, 2001920365, 20, CONVERT(DATE, '2025-08-04', 120), 40.0),
(14528, 2001920365, 20, CONVERT(DATE, '2025-08-11', 120), 40.0),
(14528, 2001920365, 20, CONVERT(DATE, '2025-08-18', 120), 40.0),
(14528, 2001920365, 20, CONVERT(DATE, '2025-08-25', 120), 40.0),
(14528, 2001920365, 20, CONVERT(DATE, '2025-09-01', 120), 40.0),
(14528, 2001920365, 20, CONVERT(DATE, '2025-09-08', 120), 40.0),
(14528, 2001920365, 20, CONVERT(DATE, '2025-09-15', 120), 40.0),
(14528, 2001920365, 20, CONVERT(DATE, '2025-09-22', 120), 40.0),
(14528, 2001920365, 20, CONVERT(DATE, '2025-09-29', 120), 40.0),
(14528, 2001920365, 20, CONVERT(DATE, '2025-10-06', 120), 40.0),
(14528, 2001920365, 20, CONVERT(DATE, '2025-10-13', 120), 40.0),
(14528, 2001920365, 20, CONVERT(DATE, '2025-10-20', 120), 40.0),
(14528, 2001920365, 20, CONVERT(DATE, '2025-10-27', 120), 40.0),
(14528, 2001920365, 20, CONVERT(DATE, '2025-11-03', 120), 40.0),
(14528, 2001920365, 20, CONVERT(DATE, '2025-11-10', 120), 40.0),
(14528, 2001920365, 20, CONVERT(DATE, '2025-11-17', 120), 40.0),
(14528, 2001920365, 20, CONVERT(DATE, '2025-11-24', 120), 40.0),
(14528, 2001920365, 20, CONVERT(DATE, '2025-12-01', 120), 40.0),
(14528, 2001920365, 20, CONVERT(DATE, '2025-12-08', 120), 40.0),
(14528, 2001920365, 20, CONVERT(DATE, '2025-12-15', 120), 40.0),
(14528, 2001920365, 20, CONVERT(DATE, '2025-12-22', 120), 40.0),
(14528, 2001920365, 20, CONVERT(DATE, '2025-12-29', 120), 40.0),
(14529, 2001920365, 30, CONVERT(DATE, '2025-01-06', 120), 40.0),
(14529, 2001920365, 30, CONVERT(DATE, '2025-01-13', 120), 40.0),
(14529, 2001920365, 30, CONVERT(DATE, '2025-01-20', 120), 40.0),
(14529, 2001920365, 30, CONVERT(DATE, '2025-01-27', 120), 40.0),
(14529, 2001920365, 30, CONVERT(DATE, '2025-02-03', 120), 40.0),
(14529, 2001920365, 30, CONVERT(DATE, '2025-02-10', 120), 40.0),
(14529, 2001920365, 30, CONVERT(DATE, '2025-02-17', 120), 40.0),
(14529, 2001920365, 30, CONVERT(DATE, '2025-02-24', 120), 40.0),
(14529, 2001920365, 30, CONVERT(DATE, '2025-03-03', 120), 40.0),
(14529, 2001920365, 30, CONVERT(DATE, '2025-03-10', 120), 40.0),
(14529, 2001920365, 30, CONVERT(DATE, '2025-03-17', 120), 40.0),
(14529, 2001920365, 30, CONVERT(DATE, '2025-03-24', 120), 40.0),
(14529, 2001920365, 30, CONVERT(DATE, '2025-03-31', 120), 40.0),
(14529, 2001920365, 30, CONVERT(DATE, '2025-04-07', 120), 40.0),
(14529, 2001920365, 30, CONVERT(DATE, '2025-04-14', 120), 40.0),
(14529, 2001920365, 30, CONVERT(DATE, '2025-04-21', 120), 40.0),
(14529, 2001920365, 30, CONVERT(DATE, '2025-04-28', 120), 40.0),
(14529, 2001920365, 30, CONVERT(DATE, '2025-05-05', 120), 40.0),
(14529, 2001920365, 30, CONVERT(DATE, '2025-05-12', 120), 40.0),
(14529, 2001920365, 30, CONVERT(DATE, '2025-05-19', 120), 40.0),
(14529, 2001920365, 30, CONVERT(DATE, '2025-05-26', 120), 40.0),
(14529, 2001920365, 30, CONVERT(DATE, '2025-06-02', 120), 40.0),
(14529, 2001920365, 30, CONVERT(DATE, '2025-06-09', 120), 40.0),
(14529, 2001920365, 30, CONVERT(DATE, '2025-06-16', 120), 40.0),
(14529, 2001920365, 30, CONVERT(DATE, '2025-06-23', 120), 40.0),
(14529, 2001920365, 30, CONVERT(DATE, '2025-06-30', 120), 40.0),
(14529, 2001920365, 30, CONVERT(DATE, '2025-07-07', 120), 40.0),
(14529, 2001920365, 30, CONVERT(DATE, '2025-07-14', 120), 40.0),
(14529, 2001920365, 30, CONVERT(DATE, '2025-07-21', 120), 40.0),
(14529, 2001920365, 30, CONVERT(DATE, '2025-07-28', 120), 40.0),
(14529, 2001920365, 30, CONVERT(DATE, '2025-08-04', 120), 40.0),
(14529, 2001920365, 30, CONVERT(DATE, '2025-08-11', 120), 40.0),
(14529, 2001920365, 30, CONVERT(DATE, '2025-08-18', 120), 40.0),
(14529, 2001920365, 30, CONVERT(DATE, '2025-08-25', 120), 40.0),
(14529, 2001920365, 30, CONVERT(DATE, '2025-09-01', 120), 40.0),
(14529, 2001920365, 30, CONVERT(DATE, '2025-09-08', 120), 40.0),
(14529, 2001920365, 30, CONVERT(DATE, '2025-09-15', 120), 40.0),
(14529, 2001920365, 30, CONVERT(DATE, '2025-09-22', 120), 40.0),
(14529, 2001920365, 30, CONVERT(DATE, '2025-09-29', 120), 40.0),
(14529, 2001920365, 30, CONVERT(DATE, '2025-10-06', 120), 40.0),
(14529, 2001920365, 30, CONVERT(DATE, '2025-10-13', 120), 40.0),
(14529, 2001920365, 30, CONVERT(DATE, '2025-10-20', 120), 40.0),
(14529, 2001920365, 30, CONVERT(DATE, '2025-10-27', 120), 40.0),
(14529, 2001920365, 30, CONVERT(DATE, '2025-11-03', 120), 40.0),
(14529, 2001920365, 30, CONVERT(DATE, '2025-11-10', 120), 40.0),
(14529, 2001920365, 30, CONVERT(DATE, '2025-11-17', 120), 40.0),
(14529, 2001920365, 30, CONVERT(DATE, '2025-11-24', 120), 40.0),
(14529, 2001920365, 30, CONVERT(DATE, '2025-12-01', 120), 40.0),
(14529, 2001920365, 30, CONVERT(DATE, '2025-12-08', 120), 40.0),
(14529, 2001920365, 30, CONVERT(DATE, '2025-12-15', 120), 40.0),
(14529, 2001920365, 30, CONVERT(DATE, '2025-12-22', 120), 40.0),
(14529, 2001920365, 30, CONVERT(DATE, '2025-12-29', 120), 40.0),
(14534, 2001920365, 40, CONVERT(DATE, '2025-01-06', 120), 36.0),
(14534, 2001920365, 40, CONVERT(DATE, '2025-01-13', 120), 36.0),
(14534, 2001920365, 40, CONVERT(DATE, '2025-01-20', 120), 36.0),
(14534, 2001920365, 40, CONVERT(DATE, '2025-01-27', 120), 36.0),
(14534, 2001920365, 40, CONVERT(DATE, '2025-02-03', 120), 36.0),
(14534, 2001920365, 40, CONVERT(DATE, '2025-02-10', 120), 36.0),
(14534, 2001920365, 40, CONVERT(DATE, '2025-02-17', 120), 36.0),
(14534, 2001920365, 40, CONVERT(DATE, '2025-02-24', 120), 36.0),
(14534, 2001920365, 40, CONVERT(DATE, '2025-03-03', 120), 36.0),
(14534, 2001920365, 40, CONVERT(DATE, '2025-03-10', 120), 36.0),
(14534, 2001920365, 40, CONVERT(DATE, '2025-03-17', 120), 36.0),
(14534, 2001920365, 40, CONVERT(DATE, '2025-03-24', 120), 36.0),
(14534, 2001920365, 40, CONVERT(DATE, '2025-03-31', 120), 36.0),
(14534, 2001920365, 40, CONVERT(DATE, '2025-04-07', 120), 36.0),
(14534, 2001920365, 40, CONVERT(DATE, '2025-04-14', 120), 36.0),
(14534, 2001920365, 40, CONVERT(DATE, '2025-04-21', 120), 36.0),
(14534, 2001920365, 40, CONVERT(DATE, '2025-04-28', 120), 36.0),
(14534, 2001920365, 40, CONVERT(DATE, '2025-05-05', 120), 36.0),
(14534, 2001920365, 40, CONVERT(DATE, '2025-05-12', 120), 36.0),
(14534, 2001920365, 40, CONVERT(DATE, '2025-05-19', 120), 36.0),
(14534, 2001920365, 40, CONVERT(DATE, '2025-05-26', 120), 36.0),
(14534, 2001920365, 40, CONVERT(DATE, '2025-06-02', 120), 36.0),
(14534, 2001920365, 40, CONVERT(DATE, '2025-06-09', 120), 36.0),
(14534, 2001920365, 40, CONVERT(DATE, '2025-06-16', 120), 36.0),
(14534, 2001920365, 40, CONVERT(DATE, '2025-06-23', 120), 36.0),
(14534, 2001920365, 40, CONVERT(DATE, '2025-06-30', 120), 36.0),
(14534, 2001920365, 40, CONVERT(DATE, '2025-07-07', 120), 36.0),
(14534, 2001920365, 40, CONVERT(DATE, '2025-07-14', 120), 36.0),
(14534, 2001920365, 40, CONVERT(DATE, '2025-07-21', 120), 36.0),
(14534, 2001920365, 40, CONVERT(DATE, '2025-07-28', 120), 36.0),
(14534, 2001920365, 40, CONVERT(DATE, '2025-08-04', 120), 36.0),
(14534, 2001920365, 40, CONVERT(DATE, '2025-08-11', 120), 36.0),
(14534, 2001920365, 40, CONVERT(DATE, '2025-08-18', 120), 36.0),
(14534, 2001920365, 40, CONVERT(DATE, '2025-08-25', 120), 36.0),
(14534, 2001920365, 40, CONVERT(DATE, '2025-09-01', 120), 36.0),
(14534, 2001920365, 40, CONVERT(DATE, '2025-09-08', 120), 36.0),
(14534, 2001920365, 40, CONVERT(DATE, '2025-09-15', 120), 36.0),
(14534, 2001920365, 40, CONVERT(DATE, '2025-09-22', 120), 36.0),
(14534, 2001920365, 40, CONVERT(DATE, '2025-09-29', 120), 36.0),
(14534, 2001920365, 40, CONVERT(DATE, '2025-10-06', 120), 36.0),
(14534, 2001920365, 40, CONVERT(DATE, '2025-10-13', 120), 36.0),
(14534, 2001920365, 40, CONVERT(DATE, '2025-10-20', 120), 36.0),
(14534, 2001920365, 40, CONVERT(DATE, '2025-10-27', 120), 36.0),
(14534, 2001920365, 40, CONVERT(DATE, '2025-11-03', 120), 36.0),
(14534, 2001920365, 40, CONVERT(DATE, '2025-11-10', 120), 36.0),
(14534, 2001920365, 40, CONVERT(DATE, '2025-11-17', 120), 36.0),
(14534, 2001920365, 40, CONVERT(DATE, '2025-11-24', 120), 36.0),
(14534, 2001920365, 40, CONVERT(DATE, '2025-12-01', 120), 36.0),
(14534, 2001920365, 40, CONVERT(DATE, '2025-12-08', 120), 36.0),
(14534, 2001920365, 40, CONVERT(DATE, '2025-12-15', 120), 36.0),
(14534, 2001920365, 40, CONVERT(DATE, '2025-12-22', 120), 36.0),
(14534, 2001920365, 40, CONVERT(DATE, '2025-12-29', 120), 36.0),
(14535, 2002040046, 10, CONVERT(DATE, '2025-01-06', 120), 40.0),
(14535, 2002040046, 10, CONVERT(DATE, '2025-01-13', 120), 40.0),
(14535, 2002040046, 10, CONVERT(DATE, '2025-01-20', 120), 40.0),
(14535, 2002040046, 10, CONVERT(DATE, '2025-01-27', 120), 40.0),
(14535, 2002040046, 10, CONVERT(DATE, '2025-02-03', 120), 40.0),
(14535, 2002040046, 10, CONVERT(DATE, '2025-02-10', 120), 40.0),
(14535, 2002040046, 10, CONVERT(DATE, '2025-02-17', 120), 40.0),
(14535, 2002040046, 10, CONVERT(DATE, '2025-02-24', 120), 40.0),
(14535, 2002040046, 10, CONVERT(DATE, '2025-03-03', 120), 40.0),
(14535, 2002040046, 10, CONVERT(DATE, '2025-03-10', 120), 40.0),
(14535, 2002040046, 10, CONVERT(DATE, '2025-03-17', 120), 40.0),
(14535, 2002040046, 10, CONVERT(DATE, '2025-03-24', 120), 40.0),
(14535, 2002040046, 10, CONVERT(DATE, '2025-03-31', 120), 40.0),
(14535, 2002040046, 10, CONVERT(DATE, '2025-04-07', 120), 40.0),
(14535, 2002040046, 10, CONVERT(DATE, '2025-04-14', 120), 40.0),
(14535, 2002040046, 10, CONVERT(DATE, '2025-04-21', 120), 40.0),
(14535, 2002040046, 10, CONVERT(DATE, '2025-04-28', 120), 40.0),
(14535, 2002040046, 10, CONVERT(DATE, '2025-05-05', 120), 40.0),
(14535, 2002040046, 10, CONVERT(DATE, '2025-05-12', 120), 40.0),
(14535, 2002040046, 10, CONVERT(DATE, '2025-05-19', 120), 40.0),
(14535, 2002040046, 10, CONVERT(DATE, '2025-05-26', 120), 40.0),
(14535, 2002040046, 10, CONVERT(DATE, '2025-06-02', 120), 40.0),
(14535, 2002040046, 10, CONVERT(DATE, '2025-06-09', 120), 40.0),
(14535, 2002040046, 10, CONVERT(DATE, '2025-06-16', 120), 40.0),
(14535, 2002040046, 10, CONVERT(DATE, '2025-06-23', 120), 40.0);

    -- Batch 2/2
    INSERT INTO [dbo].[staffing] ([personnel_no], [eng_no], [eng_phase], [week_start_date], [planned_hours]) VALUES
(14535, 2002040046, 10, CONVERT(DATE, '2025-06-30', 120), 40.0),
(14532, 2002040046, 10, CONVERT(DATE, '2025-01-06', 120), 40.0),
(14532, 2002040046, 10, CONVERT(DATE, '2025-01-13', 120), 40.0),
(14532, 2002040046, 10, CONVERT(DATE, '2025-01-20', 120), 40.0),
(14532, 2002040046, 10, CONVERT(DATE, '2025-01-27', 120), 40.0),
(14532, 2002040046, 10, CONVERT(DATE, '2025-02-03', 120), 40.0),
(14532, 2002040046, 10, CONVERT(DATE, '2025-02-10', 120), 40.0),
(14532, 2002040046, 10, CONVERT(DATE, '2025-02-17', 120), 40.0),
(14532, 2002040046, 10, CONVERT(DATE, '2025-02-24', 120), 40.0),
(14532, 2002040046, 10, CONVERT(DATE, '2025-03-03', 120), 40.0),
(14532, 2002040046, 10, CONVERT(DATE, '2025-03-10', 120), 40.0),
(14532, 2002040046, 10, CONVERT(DATE, '2025-03-17', 120), 40.0),
(14532, 2002040046, 10, CONVERT(DATE, '2025-03-24', 120), 40.0),
(14532, 2002040046, 10, CONVERT(DATE, '2025-03-31', 120), 40.0),
(14532, 2002040046, 10, CONVERT(DATE, '2025-04-07', 120), 40.0),
(14532, 2002040046, 10, CONVERT(DATE, '2025-04-14', 120), 40.0),
(14532, 2002040046, 10, CONVERT(DATE, '2025-04-21', 120), 40.0),
(14532, 2002040046, 10, CONVERT(DATE, '2025-04-28', 120), 40.0),
(14532, 2002040046, 10, CONVERT(DATE, '2025-05-05', 120), 40.0),
(14532, 2002040046, 10, CONVERT(DATE, '2025-05-12', 120), 40.0),
(14532, 2002040046, 10, CONVERT(DATE, '2025-05-19', 120), 40.0),
(14532, 2002040046, 10, CONVERT(DATE, '2025-05-26', 120), 40.0),
(14532, 2002040046, 10, CONVERT(DATE, '2025-06-02', 120), 40.0),
(14532, 2002040046, 10, CONVERT(DATE, '2025-06-09', 120), 40.0),
(14532, 2002040046, 10, CONVERT(DATE, '2025-06-16', 120), 40.0),
(14532, 2002040046, 10, CONVERT(DATE, '2025-06-23', 120), 40.0),
(14532, 2002040046, 10, CONVERT(DATE, '2025-06-30', 120), 40.0),
(14536, 2002040046, 10, CONVERT(DATE, '2025-01-06', 120), 40.0),
(14536, 2002040046, 10, CONVERT(DATE, '2025-01-13', 120), 40.0),
(14536, 2002040046, 10, CONVERT(DATE, '2025-01-20', 120), 40.0),
(14536, 2002040046, 10, CONVERT(DATE, '2025-01-27', 120), 40.0),
(14536, 2002040046, 10, CONVERT(DATE, '2025-02-03', 120), 40.0),
(14536, 2002040046, 10, CONVERT(DATE, '2025-02-10', 120), 40.0),
(14536, 2002040046, 10, CONVERT(DATE, '2025-02-17', 120), 40.0),
(14536, 2002040046, 10, CONVERT(DATE, '2025-02-24', 120), 40.0),
(14536, 2002040046, 10, CONVERT(DATE, '2025-03-03', 120), 40.0),
(14536, 2002040046, 10, CONVERT(DATE, '2025-03-10', 120), 40.0),
(14536, 2002040046, 10, CONVERT(DATE, '2025-03-17', 120), 40.0),
(14536, 2002040046, 10, CONVERT(DATE, '2025-03-24', 120), 40.0),
(14536, 2002040046, 10, CONVERT(DATE, '2025-03-31', 120), 40.0),
(14536, 2002040046, 10, CONVERT(DATE, '2025-04-07', 120), 40.0),
(14536, 2002040046, 10, CONVERT(DATE, '2025-04-14', 120), 40.0),
(14536, 2002040046, 10, CONVERT(DATE, '2025-04-21', 120), 40.0),
(14536, 2002040046, 10, CONVERT(DATE, '2025-04-28', 120), 40.0),
(14536, 2002040046, 10, CONVERT(DATE, '2025-05-05', 120), 40.0),
(14536, 2002040046, 10, CONVERT(DATE, '2025-05-12', 120), 40.0),
(14536, 2002040046, 10, CONVERT(DATE, '2025-05-19', 120), 40.0),
(14536, 2002040046, 10, CONVERT(DATE, '2025-05-26', 120), 40.0),
(14536, 2002040046, 10, CONVERT(DATE, '2025-06-02', 120), 40.0),
(14536, 2002040046, 10, CONVERT(DATE, '2025-06-09', 120), 40.0),
(14536, 2002040046, 10, CONVERT(DATE, '2025-06-16', 120), 40.0),
(14536, 2002040046, 10, CONVERT(DATE, '2025-06-23', 120), 40.0),
(14536, 2002040046, 10, CONVERT(DATE, '2025-06-30', 120), 40.0),
(14523, 3000512342, 10, CONVERT(DATE, '2025-01-06', 120), 36.0),
(14523, 3000512342, 10, CONVERT(DATE, '2025-01-13', 120), 36.0),
(14523, 3000512342, 10, CONVERT(DATE, '2025-01-20', 120), 36.0),
(14523, 3000512342, 10, CONVERT(DATE, '2025-01-27', 120), 36.0),
(14523, 3000512342, 10, CONVERT(DATE, '2025-02-03', 120), 36.0),
(14523, 3000512342, 10, CONVERT(DATE, '2025-02-10', 120), 36.0),
(14523, 3000512342, 10, CONVERT(DATE, '2025-02-17', 120), 36.0),
(14523, 3000512342, 10, CONVERT(DATE, '2025-02-24', 120), 36.0),
(14523, 3000512342, 10, CONVERT(DATE, '2025-03-03', 120), 36.0),
(14523, 3000512342, 10, CONVERT(DATE, '2025-03-10', 120), 36.0),
(14523, 3000512342, 10, CONVERT(DATE, '2025-03-17', 120), 36.0),
(14523, 3000512342, 10, CONVERT(DATE, '2025-03-24', 120), 36.0),
(14523, 3000512342, 10, CONVERT(DATE, '2025-03-31', 120), 36.0),
(14523, 3000512342, 10, CONVERT(DATE, '2025-04-07', 120), 36.0),
(14523, 3000512342, 10, CONVERT(DATE, '2025-04-14', 120), 36.0),
(14523, 3000512342, 10, CONVERT(DATE, '2025-04-21', 120), 36.0),
(14523, 3000512342, 10, CONVERT(DATE, '2025-04-28', 120), 36.0),
(14523, 3000512342, 10, CONVERT(DATE, '2025-05-05', 120), 36.0),
(14523, 3000512342, 10, CONVERT(DATE, '2025-05-12', 120), 36.0),
(14523, 3000512342, 10, CONVERT(DATE, '2025-05-19', 120), 36.0),
(14523, 3000512342, 10, CONVERT(DATE, '2025-05-26', 120), 36.0),
(14523, 3000512342, 10, CONVERT(DATE, '2025-06-02', 120), 36.0),
(14523, 3000512342, 10, CONVERT(DATE, '2025-06-09', 120), 36.0),
(14523, 3000512342, 10, CONVERT(DATE, '2025-06-16', 120), 36.0),
(14523, 3000512342, 10, CONVERT(DATE, '2025-06-23', 120), 36.0),
(14523, 3000512342, 10, CONVERT(DATE, '2025-06-30', 120), 36.0),
(14523, 3000512342, 10, CONVERT(DATE, '2025-07-07', 120), 36.0),
(14523, 3000512342, 10, CONVERT(DATE, '2025-07-14', 120), 36.0),
(14523, 3000512342, 10, CONVERT(DATE, '2025-07-21', 120), 36.0),
(14523, 3000512342, 10, CONVERT(DATE, '2025-07-28', 120), 36.0),
(14523, 3000512342, 10, CONVERT(DATE, '2025-08-04', 120), 36.0),
(14523, 3000512342, 10, CONVERT(DATE, '2025-08-11', 120), 36.0),
(14523, 3000512342, 10, CONVERT(DATE, '2025-08-18', 120), 36.0),
(14523, 3000512342, 10, CONVERT(DATE, '2025-08-25', 120), 36.0),
(14523, 3000512342, 10, CONVERT(DATE, '2025-09-01', 120), 36.0),
(14523, 3000512342, 10, CONVERT(DATE, '2025-09-08', 120), 36.0),
(14523, 3000512342, 10, CONVERT(DATE, '2025-09-15', 120), 36.0),
(14523, 3000512342, 10, CONVERT(DATE, '2025-09-22', 120), 36.0),
(14523, 3000512342, 10, CONVERT(DATE, '2025-09-29', 120), 36.0),
(14523, 3000512342, 10, CONVERT(DATE, '2025-10-06', 120), 36.0),
(14523, 3000512342, 10, CONVERT(DATE, '2025-10-13', 120), 36.0),
(14523, 3000512342, 10, CONVERT(DATE, '2025-10-20', 120), 36.0),
(14523, 3000512342, 10, CONVERT(DATE, '2025-10-27', 120), 36.0),
(14523, 3000512342, 10, CONVERT(DATE, '2025-11-03', 120), 36.0),
(14523, 3000512342, 10, CONVERT(DATE, '2025-11-10', 120), 36.0),
(14523, 3000512342, 10, CONVERT(DATE, '2025-11-17', 120), 36.0),
(14523, 3000512342, 10, CONVERT(DATE, '2025-11-24', 120), 36.0),
(14523, 3000512342, 10, CONVERT(DATE, '2025-12-01', 120), 36.0),
(14523, 3000512342, 10, CONVERT(DATE, '2025-12-08', 120), 36.0),
(14523, 3000512342, 10, CONVERT(DATE, '2025-12-15', 120), 36.0),
(14523, 3000512342, 10, CONVERT(DATE, '2025-12-22', 120), 36.0),
(14523, 3000512342, 10, CONVERT(DATE, '2025-12-29', 120), 36.0),
(14534, 3000512342, 10, CONVERT(DATE, '2025-01-06', 120), 4.0),
(14534, 3000512342, 10, CONVERT(DATE, '2025-01-13', 120), 4.0),
(14534, 3000512342, 10, CONVERT(DATE, '2025-01-20', 120), 4.0),
(14534, 3000512342, 10, CONVERT(DATE, '2025-01-27', 120), 4.0),
(14534, 3000512342, 10, CONVERT(DATE, '2025-02-03', 120), 4.0),
(14534, 3000512342, 10, CONVERT(DATE, '2025-02-10', 120), 4.0),
(14534, 3000512342, 10, CONVERT(DATE, '2025-02-17', 120), 4.0),
(14534, 3000512342, 10, CONVERT(DATE, '2025-02-24', 120), 4.0),
(14534, 3000512342, 10, CONVERT(DATE, '2025-03-03', 120), 4.0),
(14534, 3000512342, 10, CONVERT(DATE, '2025-03-10', 120), 4.0),
(14534, 3000512342, 10, CONVERT(DATE, '2025-03-17', 120), 4.0),
(14534, 3000512342, 10, CONVERT(DATE, '2025-03-24', 120), 4.0),
(14534, 3000512342, 10, CONVERT(DATE, '2025-03-31', 120), 4.0),
(14534, 3000512342, 10, CONVERT(DATE, '2025-04-07', 120), 4.0),
(14534, 3000512342, 10, CONVERT(DATE, '2025-04-14', 120), 4.0),
(14534, 3000512342, 10, CONVERT(DATE, '2025-04-21', 120), 4.0),
(14534, 3000512342, 10, CONVERT(DATE, '2025-04-28', 120), 4.0),
(14534, 3000512342, 10, CONVERT(DATE, '2025-05-05', 120), 4.0),
(14534, 3000512342, 10, CONVERT(DATE, '2025-05-12', 120), 4.0),
(14534, 3000512342, 10, CONVERT(DATE, '2025-05-19', 120), 4.0),
(14534, 3000512342, 10, CONVERT(DATE, '2025-05-26', 120), 4.0),
(14534, 3000512342, 10, CONVERT(DATE, '2025-06-02', 120), 4.0),
(14534, 3000512342, 10, CONVERT(DATE, '2025-06-09', 120), 4.0),
(14534, 3000512342, 10, CONVERT(DATE, '2025-06-16', 120), 4.0),
(14534, 3000512342, 10, CONVERT(DATE, '2025-06-23', 120), 4.0),
(14534, 3000512342, 10, CONVERT(DATE, '2025-06-30', 120), 4.0),
(14534, 3000512342, 10, CONVERT(DATE, '2025-07-07', 120), 4.0),
(14534, 3000512342, 10, CONVERT(DATE, '2025-07-14', 120), 4.0),
(14534, 3000512342, 10, CONVERT(DATE, '2025-07-21', 120), 4.0),
(14534, 3000512342, 10, CONVERT(DATE, '2025-07-28', 120), 4.0),
(14534, 3000512342, 10, CONVERT(DATE, '2025-08-04', 120), 4.0),
(14534, 3000512342, 10, CONVERT(DATE, '2025-08-11', 120), 4.0),
(14534, 3000512342, 10, CONVERT(DATE, '2025-08-18', 120), 4.0),
(14534, 3000512342, 10, CONVERT(DATE, '2025-08-25', 120), 4.0),
(14534, 3000512342, 10, CONVERT(DATE, '2025-09-01', 120), 4.0),
(14534, 3000512342, 10, CONVERT(DATE, '2025-09-08', 120), 4.0),
(14534, 3000512342, 10, CONVERT(DATE, '2025-09-15', 120), 4.0),
(14534, 3000512342, 10, CONVERT(DATE, '2025-09-22', 120), 4.0),
(14534, 3000512342, 10, CONVERT(DATE, '2025-09-29', 120), 4.0),
(14534, 3000512342, 10, CONVERT(DATE, '2025-10-06', 120), 4.0),
(14534, 3000512342, 10, CONVERT(DATE, '2025-10-13', 120), 4.0),
(14534, 3000512342, 10, CONVERT(DATE, '2025-10-20', 120), 4.0),
(14534, 3000512342, 10, CONVERT(DATE, '2025-10-27', 120), 4.0),
(14534, 3000512342, 10, CONVERT(DATE, '2025-11-03', 120), 4.0),
(14534, 3000512342, 10, CONVERT(DATE, '2025-11-10', 120), 4.0),
(14534, 3000512342, 10, CONVERT(DATE, '2025-11-17', 120), 4.0),
(14534, 3000512342, 10, CONVERT(DATE, '2025-11-24', 120), 4.0),
(14534, 3000512342, 10, CONVERT(DATE, '2025-12-01', 120), 4.0),
(14534, 3000512342, 10, CONVERT(DATE, '2025-12-08', 120), 4.0),
(14534, 3000512342, 10, CONVERT(DATE, '2025-12-15', 120), 4.0),
(14534, 3000512342, 10, CONVERT(DATE, '2025-12-22', 120), 4.0),
(14534, 3000512342, 10, CONVERT(DATE, '2025-12-29', 120), 4.0),
(14525, 3000512342, 10, CONVERT(DATE, '2025-01-06', 120), 24.0),
(14525, 3000512342, 10, CONVERT(DATE, '2025-01-13', 120), 24.0),
(14525, 3000512342, 10, CONVERT(DATE, '2025-01-20', 120), 24.0),
(14525, 3000512342, 10, CONVERT(DATE, '2025-01-27', 120), 24.0),
(14525, 3000512342, 10, CONVERT(DATE, '2025-02-03', 120), 30.0),
(14525, 3000512342, 10, CONVERT(DATE, '2025-02-10', 120), 30.0),
(14525, 3000512342, 10, CONVERT(DATE, '2025-02-17', 120), 30.0),
(14525, 3000512342, 10, CONVERT(DATE, '2025-02-24', 120), 30.0),
(14525, 3000512342, 10, CONVERT(DATE, '2025-03-03', 120), 30.0),
(14525, 3000512342, 10, CONVERT(DATE, '2025-03-10', 120), 30.0),
(14525, 3000512342, 10, CONVERT(DATE, '2025-03-17', 120), 30.0),
(14525, 3000512342, 10, CONVERT(DATE, '2025-03-24', 120), 30.0),
(14525, 3000512342, 10, CONVERT(DATE, '2025-03-31', 120), 30.0),
(14525, 3000512342, 10, CONVERT(DATE, '2025-04-07', 120), 30.0),
(14525, 3000512342, 10, CONVERT(DATE, '2025-04-14', 120), 30.0),
(14525, 3000512342, 10, CONVERT(DATE, '2025-04-21', 120), 30.0),
(14525, 3000512342, 10, CONVERT(DATE, '2025-04-28', 120), 30.0),
(14525, 3000512342, 10, CONVERT(DATE, '2025-05-05', 120), 30.0),
(14525, 3000512342, 10, CONVERT(DATE, '2025-05-12', 120), 30.0),
(14525, 3000512342, 10, CONVERT(DATE, '2025-05-19', 120), 30.0),
(14525, 3000512342, 10, CONVERT(DATE, '2025-05-26', 120), 30.0),
(14525, 3000512342, 10, CONVERT(DATE, '2025-06-02', 120), 30.0),
(14525, 3000512342, 10, CONVERT(DATE, '2025-06-09', 120), 30.0),
(14525, 3000512342, 10, CONVERT(DATE, '2025-06-16', 120), 30.0),
(14525, 3000512342, 10, CONVERT(DATE, '2025-06-23', 120), 30.0),
(14525, 3000512342, 10, CONVERT(DATE, '2025-06-30', 120), 30.0),
(14525, 3000512342, 10, CONVERT(DATE, '2025-07-07', 120), 30.0),
(14525, 3000512342, 10, CONVERT(DATE, '2025-07-14', 120), 30.0),
(14525, 3000512342, 10, CONVERT(DATE, '2025-07-21', 120), 30.0),
(14525, 3000512342, 10, CONVERT(DATE, '2025-07-28', 120), 30.0),
(14525, 3000512342, 10, CONVERT(DATE, '2025-08-04', 120), 30.0),
(14525, 3000512342, 10, CONVERT(DATE, '2025-08-11', 120), 30.0),
(14525, 3000512342, 10, CONVERT(DATE, '2025-08-18', 120), 30.0),
(14525, 3000512342, 10, CONVERT(DATE, '2025-08-25', 120), 30.0),
(14525, 3000512342, 10, CONVERT(DATE, '2025-09-01', 120), 30.0),
(14525, 3000512342, 10, CONVERT(DATE, '2025-09-08', 120), 30.0),
(14525, 3000512342, 10, CONVERT(DATE, '2025-09-15', 120), 30.0),
(14525, 3000512342, 10, CONVERT(DATE, '2025-09-22', 120), 30.0),
(14525, 3000512342, 10, CONVERT(DATE, '2025-09-29', 120), 30.0),
(14525, 3000512342, 10, CONVERT(DATE, '2025-10-06', 120), 30.0),
(14525, 3000512342, 10, CONVERT(DATE, '2025-10-13', 120), 30.0),
(14525, 3000512342, 10, CONVERT(DATE, '2025-10-20', 120), 30.0),
(14525, 3000512342, 10, CONVERT(DATE, '2025-10-27', 120), 30.0),
(14525, 3000512342, 10, CONVERT(DATE, '2025-11-03', 120), 30.0),
(14525, 3000512342, 10, CONVERT(DATE, '2025-11-10', 120), 30.0),
(14525, 3000512342, 10, CONVERT(DATE, '2025-11-17', 120), 30.0),
(14525, 3000512342, 10, CONVERT(DATE, '2025-11-24', 120), 30.0),
(14525, 3000512342, 10, CONVERT(DATE, '2025-12-01', 120), 30.0),
(14525, 3000512342, 10, CONVERT(DATE, '2025-12-08', 120), 30.0),
(14525, 3000512342, 10, CONVERT(DATE, '2025-12-15', 120), 30.0),
(14525, 3000512342, 10, CONVERT(DATE, '2025-12-22', 120), 30.0),
(14525, 3000512342, 10, CONVERT(DATE, '2025-12-29', 120), 30.0),
(14527, 3000512342, 10, CONVERT(DATE, '2025-01-06', 120), 40.0),
(14527, 3000512342, 10, CONVERT(DATE, '2025-01-13', 120), 40.0),
(14527, 3000512342, 10, CONVERT(DATE, '2025-01-20', 120), 40.0),
(14527, 3000512342, 10, CONVERT(DATE, '2025-01-27', 120), 40.0),
(14527, 3000512342, 10, CONVERT(DATE, '2025-02-03', 120), 40.0),
(14527, 3000512342, 10, CONVERT(DATE, '2025-02-10', 120), 40.0),
(14527, 3000512342, 10, CONVERT(DATE, '2025-02-17', 120), 40.0),
(14527, 3000512342, 10, CONVERT(DATE, '2025-02-24', 120), 40.0),
(14527, 3000512342, 10, CONVERT(DATE, '2025-03-03', 120), 40.0),
(14527, 3000512342, 10, CONVERT(DATE, '2025-03-10', 120), 40.0),
(14527, 3000512342, 10, CONVERT(DATE, '2025-03-17', 120), 40.0),
(14527, 3000512342, 10, CONVERT(DATE, '2025-03-24', 120), 40.0),
(14527, 3000512342, 10, CONVERT(DATE, '2025-03-31', 120), 40.0),
(14527, 3000512342, 10, CONVERT(DATE, '2025-04-07', 120), 40.0),
(14527, 3000512342, 10, CONVERT(DATE, '2025-04-14', 120), 40.0),
(14527, 3000512342, 10, CONVERT(DATE, '2025-04-21', 120), 40.0),
(14527, 3000512342, 10, CONVERT(DATE, '2025-04-28', 120), 40.0),
(14527, 3000512342, 10, CONVERT(DATE, '2025-05-05', 120), 40.0),
(14527, 3000512342, 10, CONVERT(DATE, '2025-05-12', 120), 40.0),
(14527, 3000512342, 10, CONVERT(DATE, '2025-05-19', 120), 40.0),
(14527, 3000512342, 10, CONVERT(DATE, '2025-05-26', 120), 40.0),
(14527, 3000512342, 10, CONVERT(DATE, '2025-06-02', 120), 40.0),
(14527, 3000512342, 10, CONVERT(DATE, '2025-06-09', 120), 40.0),
(14527, 3000512342, 10, CONVERT(DATE, '2025-06-16', 120), 40.0),
(14527, 3000512342, 10, CONVERT(DATE, '2025-06-23', 120), 40.0),
(14527, 3000512342, 10, CONVERT(DATE, '2025-06-30', 120), 40.0),
(14527, 3000512342, 10, CONVERT(DATE, '2025-07-07', 120), 40.0),
(14527, 3000512342, 10, CONVERT(DATE, '2025-07-14', 120), 40.0),
(14527, 3000512342, 10, CONVERT(DATE, '2025-07-21', 120), 40.0),
(14527, 3000512342, 10, CONVERT(DATE, '2025-07-28', 120), 40.0),
(14527, 3000512342, 10, CONVERT(DATE, '2025-08-04', 120), 40.0),
(14527, 3000512342, 10, CONVERT(DATE, '2025-08-11', 120), 40.0),
(14527, 3000512342, 10, CONVERT(DATE, '2025-08-18', 120), 40.0),
(14527, 3000512342, 10, CONVERT(DATE, '2025-08-25', 120), 40.0),
(14527, 3000512342, 10, CONVERT(DATE, '2025-09-01', 120), 40.0),
(14527, 3000512342, 10, CONVERT(DATE, '2025-09-08', 120), 40.0),
(14527, 3000512342, 10, CONVERT(DATE, '2025-09-15', 120), 40.0),
(14527, 3000512342, 10, CONVERT(DATE, '2025-09-22', 120), 40.0),
(14527, 3000512342, 10, CONVERT(DATE, '2025-09-29', 120), 40.0),
(14527, 3000512342, 10, CONVERT(DATE, '2025-10-06', 120), 40.0),
(14527, 3000512342, 10, CONVERT(DATE, '2025-10-13', 120), 40.0),
(14527, 3000512342, 10, CONVERT(DATE, '2025-10-20', 120), 40.0),
(14527, 3000512342, 10, CONVERT(DATE, '2025-10-27', 120), 40.0),
(14527, 3000512342, 10, CONVERT(DATE, '2025-11-03', 120), 40.0),
(14527, 3000512342, 10, CONVERT(DATE, '2025-11-10', 120), 40.0),
(14527, 3000512342, 10, CONVERT(DATE, '2025-11-17', 120), 40.0),
(14527, 3000512342, 10, CONVERT(DATE, '2025-11-24', 120), 40.0),
(14527, 3000512342, 10, CONVERT(DATE, '2025-12-01', 120), 40.0),
(14527, 3000512342, 10, CONVERT(DATE, '2025-12-08', 120), 40.0),
(14527, 3000512342, 10, CONVERT(DATE, '2025-12-15', 120), 40.0),
(14527, 3000512342, 10, CONVERT(DATE, '2025-12-22', 120), 40.0),
(14527, 3000512342, 10, CONVERT(DATE, '2025-12-29', 120), 40.0),
(14530, 2002055111, 10, CONVERT(DATE, '2025-01-06', 120), 40.0),
(14530, 2002055111, 10, CONVERT(DATE, '2025-01-13', 120), 40.0),
(14530, 2002055111, 10, CONVERT(DATE, '2025-01-20', 120), 40.0),
(14530, 2002055111, 10, CONVERT(DATE, '2025-01-27', 120), 40.0),
(14530, 2002055111, 10, CONVERT(DATE, '2025-02-03', 120), 40.0),
(14530, 2002055111, 10, CONVERT(DATE, '2025-02-10', 120), 40.0),
(14530, 2002055111, 10, CONVERT(DATE, '2025-02-17', 120), 40.0),
(14530, 2002055111, 10, CONVERT(DATE, '2025-02-24', 120), 40.0),
(14530, 2002055111, 10, CONVERT(DATE, '2025-03-03', 120), 40.0),
(14530, 2002055111, 10, CONVERT(DATE, '2025-03-10', 120), 40.0),
(14530, 2002055111, 10, CONVERT(DATE, '2025-03-17', 120), 40.0),
(14530, 2002055111, 10, CONVERT(DATE, '2025-03-24', 120), 40.0),
(14530, 2002055111, 10, CONVERT(DATE, '2025-03-31', 120), 40.0),
(14530, 2002055111, 10, CONVERT(DATE, '2025-04-07', 120), 40.0),
(14530, 2002055111, 10, CONVERT(DATE, '2025-04-14', 120), 40.0),
(14530, 2002055111, 10, CONVERT(DATE, '2025-04-21', 120), 40.0),
(14530, 2002055111, 10, CONVERT(DATE, '2025-04-28', 120), 40.0),
(14530, 2002055111, 10, CONVERT(DATE, '2025-05-05', 120), 40.0),
(14530, 2002055111, 10, CONVERT(DATE, '2025-05-12', 120), 40.0),
(14530, 2002055111, 10, CONVERT(DATE, '2025-05-19', 120), 40.0),
(14530, 2002055111, 10, CONVERT(DATE, '2025-05-26', 120), 40.0),
(14530, 2002055111, 10, CONVERT(DATE, '2025-06-02', 120), 40.0),
(14530, 2002055111, 10, CONVERT(DATE, '2025-06-09', 120), 40.0),
(14530, 2002055111, 10, CONVERT(DATE, '2025-06-16', 120), 40.0),
(14530, 2002055111, 10, CONVERT(DATE, '2025-06-23', 120), 40.0),
(14530, 2002055111, 10, CONVERT(DATE, '2025-06-30', 120), 40.0),
(14530, 2002055111, 10, CONVERT(DATE, '2025-07-07', 120), 40.0),
(14530, 2002055111, 10, CONVERT(DATE, '2025-07-14', 120), 40.0),
(14530, 2002055111, 10, CONVERT(DATE, '2025-07-21', 120), 40.0),
(14530, 2002055111, 10, CONVERT(DATE, '2025-07-28', 120), 40.0),
(14530, 2002055111, 10, CONVERT(DATE, '2025-08-04', 120), 40.0),
(14530, 2002055111, 10, CONVERT(DATE, '2025-08-11', 120), 40.0),
(14530, 2002055111, 10, CONVERT(DATE, '2025-08-18', 120), 40.0),
(14530, 2002055111, 10, CONVERT(DATE, '2025-08-25', 120), 40.0),
(14530, 2002055111, 10, CONVERT(DATE, '2025-09-01', 120), 40.0),
(14530, 2002055111, 10, CONVERT(DATE, '2025-09-08', 120), 40.0),
(14530, 2002055111, 10, CONVERT(DATE, '2025-09-15', 120), 40.0),
(14530, 2002055111, 10, CONVERT(DATE, '2025-09-22', 120), 40.0),
(14530, 2002055111, 10, CONVERT(DATE, '2025-09-29', 120), 40.0),
(14530, 2002055111, 10, CONVERT(DATE, '2025-10-06', 120), 40.0),
(14530, 2002055111, 10, CONVERT(DATE, '2025-10-13', 120), 40.0),
(14530, 2002055111, 10, CONVERT(DATE, '2025-10-20', 120), 40.0),
(14530, 2002055111, 10, CONVERT(DATE, '2025-10-27', 120), 40.0),
(14530, 2002055111, 10, CONVERT(DATE, '2025-11-03', 120), 40.0),
(14530, 2002055111, 10, CONVERT(DATE, '2025-11-10', 120), 40.0),
(14530, 2002055111, 10, CONVERT(DATE, '2025-11-17', 120), 40.0),
(14530, 2002055111, 10, CONVERT(DATE, '2025-11-24', 120), 40.0),
(14530, 2002055111, 10, CONVERT(DATE, '2025-12-01', 120), 40.0),
(14530, 2002055111, 10, CONVERT(DATE, '2025-12-08', 120), 40.0),
(14530, 2002055111, 10, CONVERT(DATE, '2025-12-15', 120), 40.0),
(14530, 2002055111, 10, CONVERT(DATE, '2025-12-22', 120), 40.0),
(14530, 2002055111, 10, CONVERT(DATE, '2025-12-29', 120), 40.0),
(14531, 2002055111, 10, CONVERT(DATE, '2025-01-06', 120), 40.0),
(14531, 2002055111, 10, CONVERT(DATE, '2025-01-13', 120), 40.0),
(14531, 2002055111, 10, CONVERT(DATE, '2025-01-20', 120), 40.0),
(14531, 2002055111, 10, CONVERT(DATE, '2025-01-27', 120), 40.0),
(14531, 2002055111, 10, CONVERT(DATE, '2025-02-03', 120), 40.0),
(14531, 2002055111, 10, CONVERT(DATE, '2025-02-10', 120), 40.0),
(14531, 2002055111, 10, CONVERT(DATE, '2025-02-17', 120), 40.0),
(14531, 2002055111, 10, CONVERT(DATE, '2025-02-24', 120), 40.0),
(14531, 2002055111, 10, CONVERT(DATE, '2025-03-03', 120), 40.0),
(14531, 2002055111, 10, CONVERT(DATE, '2025-03-10', 120), 40.0),
(14531, 2002055111, 10, CONVERT(DATE, '2025-03-17', 120), 40.0),
(14531, 2002055111, 10, CONVERT(DATE, '2025-03-24', 120), 40.0),
(14531, 2002055111, 10, CONVERT(DATE, '2025-03-31', 120), 40.0),
(14531, 2002055111, 10, CONVERT(DATE, '2025-04-07', 120), 40.0),
(14531, 2002055111, 10, CONVERT(DATE, '2025-04-14', 120), 40.0),
(14531, 2002055111, 10, CONVERT(DATE, '2025-04-21', 120), 40.0),
(14531, 2002055111, 10, CONVERT(DATE, '2025-04-28', 120), 40.0),
(14531, 2002055111, 10, CONVERT(DATE, '2025-05-05', 120), 40.0),
(14531, 2002055111, 10, CONVERT(DATE, '2025-05-12', 120), 40.0),
(14531, 2002055111, 10, CONVERT(DATE, '2025-05-19', 120), 40.0),
(14531, 2002055111, 10, CONVERT(DATE, '2025-05-26', 120), 40.0),
(14531, 2002055111, 10, CONVERT(DATE, '2025-06-02', 120), 40.0),
(14531, 2002055111, 10, CONVERT(DATE, '2025-06-09', 120), 40.0),
(14531, 2002055111, 10, CONVERT(DATE, '2025-06-16', 120), 40.0),
(14531, 2002055111, 10, CONVERT(DATE, '2025-06-23', 120), 40.0),
(14531, 2002055111, 10, CONVERT(DATE, '2025-06-30', 120), 40.0),
(14531, 2002055111, 10, CONVERT(DATE, '2025-07-07', 120), 40.0),
(14531, 2002055111, 10, CONVERT(DATE, '2025-07-14', 120), 40.0),
(14531, 2002055111, 10, CONVERT(DATE, '2025-07-21', 120), 40.0),
(14531, 2002055111, 10, CONVERT(DATE, '2025-07-28', 120), 40.0),
(14531, 2002055111, 10, CONVERT(DATE, '2025-08-04', 120), 40.0),
(14531, 2002055111, 10, CONVERT(DATE, '2025-08-11', 120), 40.0),
(14531, 2002055111, 10, CONVERT(DATE, '2025-08-18', 120), 40.0),
(14531, 2002055111, 10, CONVERT(DATE, '2025-08-25', 120), 40.0),
(14531, 2002055111, 10, CONVERT(DATE, '2025-09-01', 120), 40.0),
(14531, 2002055111, 10, CONVERT(DATE, '2025-09-08', 120), 40.0),
(14531, 2002055111, 10, CONVERT(DATE, '2025-09-15', 120), 40.0),
(14531, 2002055111, 10, CONVERT(DATE, '2025-09-22', 120), 40.0),
(14531, 2002055111, 10, CONVERT(DATE, '2025-09-29', 120), 40.0),
(14531, 2002055111, 10, CONVERT(DATE, '2025-10-06', 120), 40.0),
(14531, 2002055111, 10, CONVERT(DATE, '2025-10-13', 120), 40.0),
(14531, 2002055111, 10, CONVERT(DATE, '2025-10-20', 120), 40.0),
(14531, 2002055111, 10, CONVERT(DATE, '2025-10-27', 120), 40.0),
(14531, 2002055111, 10, CONVERT(DATE, '2025-11-03', 120), 40.0),
(14531, 2002055111, 10, CONVERT(DATE, '2025-11-10', 120), 40.0),
(14531, 2002055111, 10, CONVERT(DATE, '2025-11-17', 120), 40.0),
(14531, 2002055111, 10, CONVERT(DATE, '2025-11-24', 120), 40.0),
(14531, 2002055111, 10, CONVERT(DATE, '2025-12-01', 120), 40.0),
(14531, 2002055111, 10, CONVERT(DATE, '2025-12-08', 120), 40.0),
(14531, 2002055111, 10, CONVERT(DATE, '2025-12-15', 120), 40.0),
(14531, 2002055111, 10, CONVERT(DATE, '2025-12-22', 120), 40.0),
(14531, 2002055111, 10, CONVERT(DATE, '2025-12-29', 120), 40.0),
(14537, 2002055111, 10, CONVERT(DATE, '2025-01-06', 120), 40.0),
(14537, 2002055111, 10, CONVERT(DATE, '2025-01-13', 120), 40.0),
(14537, 2002055111, 10, CONVERT(DATE, '2025-01-20', 120), 40.0),
(14537, 2002055111, 10, CONVERT(DATE, '2025-01-27', 120), 40.0),
(14537, 2002055111, 10, CONVERT(DATE, '2025-02-03', 120), 40.0),
(14537, 2002055111, 10, CONVERT(DATE, '2025-02-10', 120), 40.0),
(14537, 2002055111, 10, CONVERT(DATE, '2025-02-17', 120), 40.0),
(14537, 2002055111, 10, CONVERT(DATE, '2025-02-24', 120), 40.0),
(14537, 2002055111, 10, CONVERT(DATE, '2025-03-03', 120), 40.0),
(14537, 2002055111, 10, CONVERT(DATE, '2025-03-10', 120), 40.0),
(14537, 2002055111, 10, CONVERT(DATE, '2025-03-17', 120), 40.0),
(14537, 2002055111, 10, CONVERT(DATE, '2025-03-24', 120), 40.0),
(14537, 2002055111, 10, CONVERT(DATE, '2025-03-31', 120), 40.0),
(14537, 2002055111, 10, CONVERT(DATE, '2025-04-07', 120), 40.0),
(14537, 2002055111, 10, CONVERT(DATE, '2025-04-14', 120), 40.0),
(14537, 2002055111, 10, CONVERT(DATE, '2025-04-21', 120), 40.0),
(14537, 2002055111, 10, CONVERT(DATE, '2025-04-28', 120), 40.0),
(14537, 2002055111, 10, CONVERT(DATE, '2025-05-05', 120), 40.0),
(14537, 2002055111, 10, CONVERT(DATE, '2025-05-12', 120), 40.0),
(14537, 2002055111, 10, CONVERT(DATE, '2025-05-19', 120), 40.0),
(14537, 2002055111, 10, CONVERT(DATE, '2025-05-26', 120), 40.0),
(14537, 2002055111, 10, CONVERT(DATE, '2025-06-02', 120), 40.0),
(14537, 2002055111, 10, CONVERT(DATE, '2025-06-09', 120), 40.0),
(14537, 2002055111, 10, CONVERT(DATE, '2025-06-16', 120), 40.0),
(14537, 2002055111, 10, CONVERT(DATE, '2025-06-23', 120), 40.0),
(14537, 2002055111, 10, CONVERT(DATE, '2025-06-30', 120), 40.0),
(14537, 2002055111, 10, CONVERT(DATE, '2025-07-07', 120), 40.0),
(14537, 2002055111, 10, CONVERT(DATE, '2025-07-14', 120), 40.0),
(14537, 2002055111, 10, CONVERT(DATE, '2025-07-21', 120), 40.0),
(14537, 2002055111, 10, CONVERT(DATE, '2025-07-28', 120), 40.0),
(14537, 2002055111, 10, CONVERT(DATE, '2025-08-04', 120), 40.0),
(14537, 2002055111, 10, CONVERT(DATE, '2025-08-11', 120), 40.0),
(14537, 2002055111, 10, CONVERT(DATE, '2025-08-18', 120), 40.0),
(14537, 2002055111, 10, CONVERT(DATE, '2025-08-25', 120), 40.0),
(14537, 2002055111, 10, CONVERT(DATE, '2025-09-01', 120), 40.0),
(14537, 2002055111, 10, CONVERT(DATE, '2025-09-08', 120), 40.0),
(14537, 2002055111, 10, CONVERT(DATE, '2025-09-15', 120), 40.0),
(14537, 2002055111, 10, CONVERT(DATE, '2025-09-22', 120), 40.0),
(14537, 2002055111, 10, CONVERT(DATE, '2025-09-29', 120), 40.0),
(14537, 2002055111, 10, CONVERT(DATE, '2025-10-06', 120), 40.0),
(14537, 2002055111, 10, CONVERT(DATE, '2025-10-13', 120), 40.0),
(14537, 2002055111, 10, CONVERT(DATE, '2025-10-20', 120), 40.0),
(14537, 2002055111, 10, CONVERT(DATE, '2025-10-27', 120), 40.0),
(14537, 2002055111, 10, CONVERT(DATE, '2025-11-03', 120), 40.0),
(14537, 2002055111, 10, CONVERT(DATE, '2025-11-10', 120), 40.0),
(14537, 2002055111, 10, CONVERT(DATE, '2025-11-17', 120), 40.0),
(14537, 2002055111, 10, CONVERT(DATE, '2025-11-24', 120), 40.0),
(14537, 2002055111, 10, CONVERT(DATE, '2025-12-01', 120), 40.0),
(14537, 2002055111, 10, CONVERT(DATE, '2025-12-08', 120), 40.0),
(14537, 2002055111, 10, CONVERT(DATE, '2025-12-15', 120), 40.0),
(14537, 2002055111, 10, CONVERT(DATE, '2025-12-22', 120), 40.0),
(14537, 2002055111, 10, CONVERT(DATE, '2025-12-29', 120), 40.0);

    COMMIT TRANSACTION;
    PRINT 'Committed all records for staffing';

    -- INSERT statements for timesheets table (1 records)
    PRINT 'Inserting data into timesheets table (1 records)...';
    BEGIN TRANSACTION;
    -- Batch 1/1
    INSERT INTO [dbo].[timesheets] ([personnel_no], [eng_no], [eng_phase], [work_date], [hours], [time_entry_date], [posting_date], [charge_out_rate], [std_price], [adm_surcharge]) VALUES
(14537, 2002055111, 10, CONVERT(DATE, '2024-12-06', 120), 4.0, CONVERT(DATE, '2024-12-06', 120), CONVERT(DATE, '2024-12-06', 120), 388.0, 1552.0, 23.28);

    COMMIT TRANSACTION;
    PRINT 'Committed all records for timesheets';

    -- INSERT statements for dictionary table (1 records)
    PRINT 'Inserting data into dictionary table (1 records)...';
    BEGIN TRANSACTION;
    -- Batch 1/1
    INSERT INTO [dbo].[dictionary] ([key], [description]) VALUES
(N'Eng. No.', N'Mandate key'),
(N'Eng. Description', N'Mandate description'),
(N'Eng. Phase', N'Mandate phase'),
(N'Phase Description', N'Mandate phase description'),
(N'Client No.', N'Client key'),
(N'Client Name', N'Client name'),
(N'Personnel No.', N'Employee key'),
(N'Employee Name', N'Employenomn'),
(N'Staff Level', N'Employee title'),
(N'Work Date', N'Work day'),
(N'Time Entry Date', N'Day when the employee entered the details of their timesheet'),
(N'Posting Date', N'Day when the employee sent the details of their timesheet'),
(N'Hours', N'Number of hours entered in the timesheet'),
(N'Charge+AC0-Out Rate', N'Hourly wage of the employee which is charged to the client'),
(N'Std. Price', N'Hourly wage +ACo- Number of hours worked'),
(N'Adm. Surcharge', N'Administrative fees'),
(N'PV', N'Planned Value - The authorized budget assigned to scheduled work'),
(N'EV', N'Earned Value - The measure of work performed expressed in terms of the budget authorized for that work'),
(N'AC', N'Actual Cost - The realized cost incurred for the work performed'),
(N'SV', N'Schedule Variance - Indicates whether the project is ahead or behind schedule (EV-PV)'),
(N'CV', N'Cost Variance - Indicates whether the project is under or over budget (EV-AC)'),
(N'SPI', N'Schedule Performance Index - Measure of schedule efficiency (EV/PV)'),
(N'CPI', N'Cost Performance Index - Measure of cost efficiency (EV/AC)'),
(N'BAC', N'Budget At Completion - The total authorized budget for the project'),
(N'EAC', N'Estimate At Completion - The expected total cost of the project when completed'),
(N'ETC', N'Estimate To Complete - The expected cost to finish all remaining project work'),
(N'VAC', N'Variance At Completion - Projection of the amount of budget deficit or surplus (BAC-EAC)'),
(N'TCPI', N'To Complete Performance Index - The cost performance that must be achieved to complete remaining work within budget');

    COMMIT TRANSACTION;
    PRINT 'Committed all records for dictionary';

    PRINT 'All data inserted successfully.';
END TRY
BEGIN CATCH
    IF @@TRANCOUNT > 0
        ROLLBACK TRANSACTION;

    DECLARE @ErrorMessage NVARCHAR(4000) = ERROR_MESSAGE();
    DECLARE @ErrorSeverity INT = ERROR_SEVERITY();
    DECLARE @ErrorState INT = ERROR_STATE();

    PRINT 'Error occurred: ' + @ErrorMessage;
    RAISERROR(@ErrorMessage, @ErrorSeverity, @ErrorState);
END CATCH;

-- Turn count of rows affected back on
SET NOCOUNT OFF;
GO
